frame,renderedFrame,stopwatchTicks,intervalSeconds,tick,simulationSeconds,paused,casting,areaCasts
100,100,194723071,0,0,0,True,False,0
101,101,194799367,0.0076296,0,0,True,False,0
102,102,194942198,0.0142831,0,0,True,False,0
103,103,195262438,0.032024,0,0,True,False,0
104,104,195608172,0.0345734,0,0,True,False,0
105,105,195927522,0.031935,0,0,True,False,0
106,106,196268807,0.0341285,0,0,True,False,0
107,107,196606215,0.0337408,0,0,True,False,0
108,108,196952414,0.0346199,0,0,True,False,0
109,109,197266970,0.0314556,0,0,True,False,0
110,110,197609741,0.0342771,0,0,True,False,0
111,111,197934701,0.032496,0,0,True,False,0
112,112,198277625,0.0342924,0,0,True,False,0
113,113,198600254,0.0322629,0,0,True,False,0
114,114,198947603,0.0347349,0,0,True,False,0
115,115,199270550,0.0322947,0,0,True,False,0
116,116,199614909,0.0344359,0,0,True,False,0
117,117,199931744,0.0316835,0,0,True,False,0
118,118,200335080,0.0403336,0,0,True,False,0
119,119,200671852,0.0336772,0,0,True,False,0
120,120,200931887,0.0260035,0,0,True,False,0
121,121,201283160,0.0351273,0,0,True,False,0
122,122,201620363,0.0337203,0,0,True,False,0
123,123,201936825,0.0316462,0,0,True,False,0
124,124,202270168,0.0333343,0,0,True,False,0
125,125,202622586,0.0352418,0,0,True,False,0
126,126,202947667,0.0325081,0,0,True,False,0
127,127,203289657,0.034199,0,0,True,False,0
128,128,203601494,0.0311837,0,0,True,False,0
129,129,203941642,0.0340148,0,0,True,False,0
130,130,204277220,0.0335578,0,0,True,False,0
131,131,204615260,0.033804,0,0,True,False,0
132,132,204941563,0.0326303,0,0,True,False,0
133,133,205279429,0.0337866,0,0,True,False,0
134,134,205607358,0.0327929,0,0,True,False,0
135,135,205943058,0.03357,0,0,True,False,0
136,136,206285912,0.0342854,0,0,True,False,0
137,137,206605748,0.0319836,0,0,True,False,0
138,138,206946807,0.0341059,0,0,True,False,0
139,139,207265200,0.0318393,0,0,True,False,0
140,140,207616393,0.0351193,0,0,True,False,0
141,141,207952134,0.0335741,0,0,True,False,0
142,142,208287210,0.0335076,0,0,True,False,0
143,143,208626952,0.0339742,0,0,True,False,0
144,144,208933485,0.0306533,0,0,True,False,0
145,145,209282791,0.0349306,0,0,True,False,0
146,146,209607856,0.0325065,0,0,True,False,0
147,147,209930087,0.0322231,0,0,True,False,0
148,148,210284762,0.0354675,0,0,True,False,0
149,149,210628785,0.0344023,0,0,True,False,0
150,150,210949365,0.032058,0,0,True,False,0
151,151,211274059,0.0324694,0,0,True,False,0
152,152,211612645,0.0338586,0,0,True,False,0
153,153,211936858,0.0324213,0,0,True,False,0
154,154,212267540,0.0330682,0,0,True,False,0
155,155,212617593,0.0350053,0,0,True,False,0
156,156,212951736,0.0334143,0,0,True,False,0
157,157,213281797,0.0330061,0,0,True,False,0
158,158,213594931,0.0313134,0,0,True,False,0
159,159,213939065,0.0344134,0,0,True,False,0
160,160,214277965,0.03389,0,0,True,False,0
161,161,214649431,0.0371466,1,0.066666670143604279,False,False,0
162,162,214939174,0.0289743,2,0.13333334028720856,False,False,0
163,163,215265111,0.0325937,3,0.20000001043081284,False,False,0
164,164,215596567,0.0331456,4,0.26666668057441711,False,False,0
165,165,215939478,0.0342911,5,0.33333335071802139,False,False,0
166,166,216271575,0.0332097,6,0.40000002086162567,False,False,0
167,167,216606690,0.0335115,7,0.46666669100522995,False,False,0
168,168,216932392,0.0325702,8,0.53333336114883423,False,False,0
169,169,217269639,0.0337247,9,0.60000003129243851,False,False,0
170,170,217599893,0.0330254,10,0.66666670143604279,False,False,0
171,171,217937279,0.0337386,11,0.73333337157964706,False,False,0
172,172,218268731,0.0331452,12,0.80000004172325134,False,False,0
173,173,218617351,0.034862,13,0.86666671186685562,False,False,0
174,174,218942696,0.0325345,14,0.9333333820104599,False,False,0
175,175,219284057,0.0341361,15,1.0000000521540642,False,False,0
176,176,219603180,0.0319123,16,1.0666667222976685,False,False,0
177,177,219930806,0.0327626,17,1.1333333924412727,False,False,0
178,178,220285846,0.035504,18,1.200000062584877,False,False,0
179,179,220612358,0.0326512,19,1.2666667327284813,False,False,0
180,180,220934708,0.032235,20,1.3333334028720856,False,False,0
181,181,221278598,0.034389,21,1.4000000730156898,False,False,0
182,182,221607660,0.0329062,22,1.4666667431592941,False,False,0
183,183,221927882,0.0320222,23,1.5333334133028984,False,False,0
184,184,222288416,0.0360534,24,1.6000000834465027,False,False,0
185,185,222610027,0.0321611,25,1.666666753590107,False,False,0
186,186,222927625,0.0317598,26,1.7333334237337112,False,False,0
187,187,223268693,0.0341068,27,1.8000000938773155,False,False,0
188,188,223602018,0.0333325,28,1.8666667640209198,False,False,0
189,189,223939474,0.0337456,29,1.9333334341645241,False,False,0
190,190,224267766,0.0328292,30,2.0000001043081284,False,False,0
191,191,224619158,0.0351392,31,2.0666667744517326,False,False,0
192,192,224934233,0.0315075,32,2.1333334445953369,False,False,0
193,193,225354099,0.0419866,33,2.2000001147389412,False,False,0
194,194,225597800,0.0243701,34,2.2666667848825455,False,False,0
195,195,225930306,0.0332506,35,2.3333334550261497,False,False,0
196,196,226284538,0.0354232,36,2.400000125169754,False,False,0
197,197,226601754,0.0317216,37,2.4666667953133583,False,False,0
198,198,226933812,0.0332058,38,2.5333334654569626,False,False,0
199,199,227276745,0.0342933,39,2.6000001356005669,False,False,0
200,200,227603917,0.0327172,40,2.6666668057441711,False,False,0
201,201,227937050,0.0333133,41,2.7333334758877754,False,False,0
202,202,228262658,0.0325608,42,2.8000001460313797,False,False,0
203,203,228601375,0.0338717,43,2.866666816174984,False,False,0
204,204,228932416,0.0331041,44,2.9333334863185883,False,False,0
205,205,229297602,0.0365186,45,3.0000001564621925,False,False,0
206,206,229639822,0.034222,46,3.0666668266057968,False,False,0
207,207,229945894,0.0306072,47,3.1333334967494011,False,False,0
208,208,230274816,0.0328922,48,3.2000001668930054,False,False,0
209,209,230619232,0.0344416,49,3.2666668370366096,False,False,0
210,210,230938655,0.0319423,50,3.3333335071802139,False,False,0
211,211,231265700,0.0327045,51,3.4000001773238182,False,False,0
212,212,231594870,0.032917,52,3.4666668474674225,False,False,0
213,213,231947185,0.0352315,53,3.5333335176110268,False,False,0
214,214,232267790,0.0320605,54,3.600000187754631,False,False,0
215,215,232615162,0.0347372,55,3.6666668578982353,False,False,0
216,216,232948825,0.0333663,56,3.7333335280418396,False,False,0
217,217,233274448,0.0325623,57,3.8000001981854439,False,False,0
218,218,233617534,0.0343086,58,3.8666668683290482,False,False,0
219,219,233957082,0.0339548,59,3.9333335384726524,False,False,0
220,220,234271130,0.0314048,60,4.0000002086162567,False,False,0
221,221,234609970,0.033884,61,4.066666878759861,False,False,0
222,222,234943232,0.0333262,62,4.1333335489034653,False,False,0
223,223,235279426,0.0336194,63,4.2000002190470695,False,False,0
224,224,235604229,0.0324803,64,4.2666668891906738,False,False,0
225,225,235936376,0.0332147,65,4.3333335593342781,False,False,0
226,226,236268558,0.0332182,66,4.4000002294778824,False,False,0
227,227,236602505,0.0333947,67,4.4666668996214867,False,False,0
228,228,236931188,0.0328683,68,4.5333335697650909,False,False,0
229,229,237279176,0.0347988,69,4.6000002399086952,False,False,0
230,230,237614166,0.033499,70,4.6666669100522995,False,False,0
231,231,237944320,0.0330154,71,4.7333335801959038,False,False,0
232,232,238276573,0.0332253,72,4.8000002503395081,False,False,0
233,233,238609453,0.033288,73,4.8666669204831123,False,False,0
234,234,238943193,0.033374,74,4.9333335906267166,False,False,0
235,235,239280267,0.0337074,75,5.0000002607703209,False,False,0
236,236,239600582,0.0320315,76,5.0666669309139252,False,False,0
237,237,239942518,0.0341936,77,5.1333336010575294,False,False,0
238,238,240262300,0.0319782,78,5.2000002712011337,False,False,0
239,239,240613475,0.0351175,79,5.266666941344738,False,False,0
240,240,240927884,0.0314409,80,5.3333336114883423,False,False,0
241,241,241274938,0.0347054,81,5.4000002816319466,False,False,0
242,242,241612564,0.0337626,82,5.4666669517755508,False,False,0
243,243,241936304,0.032374,83,5.5333336219191551,False,False,0
244,244,242280466,0.0344162,84,5.6000002920627594,False,False,0
245,245,242610171,0.0329705,85,5.6666669622063637,False,False,0
246,246,242958617,0.0348446,86,5.733333632349968,False,False,0
247,247,243267706,0.0309089,87,5.8000003024935722,False,False,0
248,248,243606079,0.0338373,88,5.8666669726371765,False,False,0
249,249,243933922,0.0327843,89,5.9333336427807808,False,False,0
250,250,244268459,0.0334537,90,6.0000003129243851,False,False,0
251,251,244601499,0.033304,91,6.0666669830679893,False,False,0
252,252,244941915,0.0340416,92,6.1333336532115936,False,False,0
253,253,245265449,0.0323534,93,6.2000003233551979,False,False,0
254,254,245598894,0.0333445,94,6.2666669934988022,False,False,0
255,255,245940465,0.0341571,95,6.3333336636424065,False,False,0
256,256,246275683,0.0335218,96,6.4000003337860107,False,False,0
257,257,246608633,0.033295,97,6.466667003929615,False,False,0
258,258,246940437,0.0331804,98,6.5333336740732193,False,False,0
259,259,247278041,0.0337604,99,6.6000003442168236,False,False,0
260,260,247606773,0.0328732,100,6.6666670143604279,False,False,0
261,261,247943626,0.0336853,101,6.7333336845040321,False,False,0
262,262,248763233,0.0819607,103,6.8666670247912407,False,False,0
263,263,248804199,0.0040966,103,6.8666670247912407,False,False,0
264,264,249118834,0.0314635,104,6.933333694934845,False,False,0
265,265,249490199,0.0371365,105,7.0000003650784492,False,False,0
266,266,249813464,0.0323265,106,7.0666670352220535,False,False,0
267,267,250164882,0.0351418,107,7.1333337053656578,False,False,0
268,268,250542251,0.0377369,109,7.2666670456528664,False,False,0
269,269,250791982,0.0249731,109,7.2666670456528664,False,False,0
270,270,251161051,0.0369069,110,7.3333337157964706,False,False,0
271,271,251459709,0.0298658,111,7.4000003859400749,False,False,0
272,272,251820228,0.0360519,112,7.4666670560836792,False,False,0
273,273,252153147,0.0332919,113,7.5333337262272835,False,False,0
274,274,252478481,0.0325334,114,7.6000003963708878,False,False,0
275,275,252823505,0.0345024,115,7.666667066514492,False,False,0
276,276,253150503,0.0326998,116,7.7333337366580963,False,False,0
277,277,253493425,0.0342922,117,7.8000004068017006,False,False,0
278,278,253821553,0.0328128,118,7.8666670769453049,False,False,0
279,279,254147827,0.0326274,119,7.9333337470889091,False,False,0
280,280,254481919,0.0334092,120,8.0000004172325134,False,False,0
281,281,254809473,0.0327554,121,8.0666670873761177,False,False,0
282,282,255142053,0.033258,122,8.133333757519722,False,False,0
283,283,255474639,0.0332586,123,8.2000004276633263,False,False,0
284,284,255806476,0.033183699999999997,124,8.26666709780693,False,False,0
285,285,256140705,0.0334229,125,8.3333337679505348,False,False,0
286,286,256490359,0.0349654,126,8.4000004380941391,False,False,0
287,287,256811764,0.0321405,127,8.4666671082377434,False,False,0
288,288,257150607,0.0338843,128,8.5333337783813477,False,False,0
289,289,257480167,0.032956,129,8.6000004485249519,False,False,0
290,290,257814959,0.0334792,130,8.6666671186685562,False,False,0
291,291,258144367,0.0329408,131,8.73333378881216,False,False,0
292,292,258478612,0.0334245,132,8.8000004589557648,False,False,0
293,293,258807773,0.0329161,133,8.866667129099369,False,False,0
294,294,259156387,0.0348614,134,8.9333337992429733,False,False,0
295,295,259499889,0.0343502,135,9.0000004693865776,False,True,0
296,296,261026347,0.1526458,140,9.333333820104599,False,True,0
297,297,261347669,0.0321322,141,9.4000004902482033,False,True,0
298,298,261666605,0.0318936,142,9.4666671603918076,False,True,0
299,299,262009679,0.0343074,143,9.5333338305354118,False,True,0
300,300,262329531,0.0319852,144,9.6000005006790161,False,True,0
301,301,262673877,0.0344346,145,9.66666717082262,False,True,0
302,302,263017013,0.0343136,146,9.7333338409662247,False,True,0
303,303,263342161,0.0325148,147,9.8000005111098289,False,True,0
304,304,263693369,0.0351208,148,9.8666671812534332,False,True,0
305,305,264017787,0.0324418,149,9.9333338513970375,False,True,0
306,306,264346905,0.0329118,150,10.000000521540642,False,True,0
307,307,264685757,0.0338852,151,10.066667191684246,False,True,0
308,308,265018829,0.0333072,152,10.13333386182785,False,True,0
309,309,265330537,0.0311708,153,10.200000531971455,False,True,0
310,310,265681954,0.0351417,154,10.266667202115059,False,True,0
311,311,265995077,0.0313123,155,10.333333872258663,False,True,0
312,312,266344822,0.0349745,156,10.400000542402267,False,True,0
313,313,266664585,0.0319763,157,10.466667212545872,False,True,0
314,314,267000321,0.0335736,158,10.533333882689476,False,True,0
315,315,267331120,0.0330799,159,10.60000055283308,False,True,0
316,316,267669131,0.0338011,160,10.666667222976685,False,True,0
317,317,268000874,0.0331743,161,10.733333893120289,False,True,0
318,318,268353001,0.0352127,162,10.800000563263893,False,True,0
319,319,268681251,0.032825,163,10.866667233407497,False,True,0
320,320,269004963,0.0323712,164,10.933333903551102,False,True,0
321,321,269352804,0.0347841,165,11.000000573694706,False,True,0
322,322,269678501,0.0325697,166,11.06666724383831,False,True,0
323,323,270001282,0.0322781,167,11.133333913981915,False,True,0
324,324,270328727,0.0327445,168,11.200000584125519,False,True,0
325,325,270670621,0.0341894,169,11.266667254269123,False,True,0
326,326,271017696,0.0347075,170,11.333333924412727,False,True,0
327,327,271347100,0.0329404,171,11.400000594556332,False,True,0
328,328,271679734,0.0332634,172,11.466667264699936,False,True,0
329,329,272004835,0.0325101,173,11.53333393484354,False,True,0
330,330,272336716,0.0331881,174,11.600000604987144,False,True,0
331,331,272673364,0.0336648,175,11.666667275130749,False,True,0
332,332,273004132,0.0330768,176,11.733333945274353,False,True,0
333,333,273335889,0.0331757,177,11.800000615417957,False,True,0
334,334,273685318,0.0349429,178,11.866667285561562,False,True,0
335,335,274007160,0.0321842,179,11.933333955705166,False,True,0
336,336,274352087,0.0344927,180,12.00000062584877,False,True,0
337,337,275847974,0.1495887,185,12.333333976566792,False,True,0
338,338,276163033,0.0315059,185,12.333333976566792,False,True,0
339,339,276492930,0.0329897,186,12.400000646710396,False,True,0
340,340,276839769,0.0346839,188,12.533333986997604,False,True,0
341,341,277177320,0.0337551,189,12.600000657141209,False,True,0
342,342,277510984,0.0333664,190,12.666667327284813,False,True,0
343,343,277830439,0.0319455,190,12.666667327284813,False,True,0
344,344,278161055,0.0330616,191,12.733333997428417,False,True,0
345,345,278500295,0.033924,193,12.866667337715626,False,True,0
346,346,278831378,0.0331083,193,12.866667337715626,False,True,0
347,347,279162198,0.033082,194,12.93333400785923,False,True,0
348,348,279500934,0.0338736,195,13.000000678002834,False,False,1
349,349,281006733,0.1505799,200,13.333334028720856,False,False,1
350,350,281339760,0.0333027,201,13.40000069886446,False,False,1
351,351,281665846,0.0326086,202,13.466667369008064,False,False,1
352,352,282022497,0.0356651,203,13.533334039151669,False,False,1
353,353,282345779,0.0323282,204,13.600000709295273,False,False,1
354,354,282700191,0.0354412,205,13.666667379438877,False,False,1
355,355,283021104,0.0320913,206,13.733334049582481,False,False,1
356,356,283351634,0.033053,207,13.800000719726086,False,False,1
357,357,283675548,0.0323914,208,13.86666738986969,False,False,1
358,358,284011693,0.0336145,209,13.933334060013294,False,False,1
359,359,284335586,0.0323893,210,14.000000730156898,False,False,1
360,360,284672093,0.0336507,211,14.066667400300503,False,False,1
361,361,284999982,0.0327889,212,14.133334070444107,False,False,1
362,362,285349149,0.0349167,213,14.200000740587711,False,False,1
363,363,285675947,0.0326798,214,14.266667410731316,False,False,1
364,364,286011421,0.0335474,215,14.33333408087492,False,False,1
365,365,286339549,0.0328128,216,14.400000751018524,False,False,1
366,366,286675489,0.033594,217,14.466667421162128,False,False,1
367,367,286998168,0.0322679,218,14.533334091305733,False,False,1
368,368,287341549,0.0343381,219,14.600000761449337,False,False,1
369,369,287666047,0.0324498,220,14.666667431592941,False,False,1
370,370,288014444,0.0348397,221,14.733334101736546,False,False,1
371,371,288333686,0.0319242,222,14.80000077188015,False,False,1
372,372,288676089,0.0342403,223,14.866667442023754,False,False,1
373,373,289004558,0.0328469,224,14.933334112167358,False,False,1
374,374,289332741,0.0328183,225,15.000000782310963,False,False,1
375,375,289673341,0.03406,226,15.066667452454567,False,False,1
376,376,290002864,0.0329523,227,15.133334122598171,False,False,1
377,377,290330529,0.0327665,228,15.200000792741776,False,False,1
378,378,290674675,0.0344146,229,15.26666746288538,False,False,1
379,379,291014993,0.0340318,230,15.333334133028984,False,False,1
380,380,291338892,0.0323899,231,15.400000803172588,False,False,1
381,381,291665054,0.0326162,232,15.466667473316193,False,False,1
382,382,292018828,0.0353774,233,15.533334143459797,False,False,1
383,383,292343613,0.0324785,234,15.600000813603401,False,False,1
384,384,292664709,0.0321096,235,15.666667483747005,False,False,1
385,385,293008609,0.03439,236,15.73333415389061,False,False,1
386,386,293347707,0.0339098,237,15.800000824034214,False,False,1
387,387,293675178,0.0327471,238,15.866667494177818,False,False,1
388,388,294017132,0.0341954,239,15.933334164321423,False,False,1
389,389,294329625,0.0312493,240,16.000000834465027,False,False,1
390,390,294674734,0.0345109,241,16.066667504608631,False,False,1
391,391,295005205,0.0330471,242,16.133334174752235,False,False,1
392,392,295337193,0.0331988,243,16.20000084489584,False,False,1
393,393,295680839,0.0343646,244,16.266667515039444,False,False,1
394,394,296014208,0.0333369,245,16.333334185183048,False,False,1
395,395,296331260,0.0317052,246,16.400000855326653,False,False,1
396,396,296675588,0.0344328,247,16.466667525470257,False,False,1
397,397,296998327,0.0322739,248,16.533334195613861,False,False,1
398,398,297335823,0.0337496,249,16.600000865757465,False,False,1
399,399,297669923,0.03341,250,16.66666753590107,False,False,1
400,400,298014297,0.0344374,251,16.733334206044674,False,False,1
401,401,298348642,0.0334345,252,16.800000876188278,False,False,1
402,402,298682098,0.0333456,253,16.866667546331882,False,False,1
403,403,299007318,0.032522,254,16.933334216475487,False,False,1
404,404,299330968,0.032365,255,17.000000886619091,False,False,1
405,405,299669179,0.0338211,256,17.066667556762695,False,False,1
406,406,300012838,0.0343659,257,17.1333342269063,False,False,1
407,407,300331024,0.0318186,258,17.200000897049904,False,False,1
408,408,300680114,0.034909,259,17.266667567193508,False,False,1
409,409,300997585,0.0317471,260,17.333334237337112,False,False,1
410,410,301345502,0.0347917,261,17.400000907480717,False,False,1
411,411,301667513,0.0322011,262,17.466667577624321,False,False,1
412,412,302010653,0.034314,263,17.533334247767925,False,False,1
413,413,302329725,0.0319072,264,17.60000091791153,False,False,1
414,414,302676127,0.0346402,265,17.666667588055134,False,False,1
415,415,303004830,0.0328703,266,17.733334258198738,False,False,1
416,416,303349984,0.0345154,267,17.800000928342342,False,False,1
417,417,303685462,0.0335478,268,17.866667598485947,False,False,1
418,418,303995949,0.0310487,269,17.933334268629551,False,False,1
419,419,304327250,0.0331301,270,18.000000938773155,False,False,1
420,420,304661596,0.0334346,271,18.066667608916759,False,False,1
421,421,305004013,0.0342417,272,18.133334279060364,False,False,1
422,422,305347168,0.0343155,273,18.200000949203968,False,False,1
423,423,305676526,0.0329358,274,18.266667619347572,False,False,1
424,424,306008934,0.0332408,275,18.333334289491177,False,False,1
425,425,306347955,0.0339021,276,18.400000959634781,False,False,1
426,426,306664457,0.0316502,277,18.466667629778385,False,False,1
427,427,307009768,0.0345311,278,18.533334299921989,False,False,1
428,428,307344219,0.0334451,279,18.600000970065594,False,False,1
429,429,307683412,0.0339193,280,18.666667640209198,False,False,1
430,430,308002033,0.0318621,281,18.733334310352802,False,False,1
431,431,308343737,0.0341704,282,18.800000980496407,False,False,1
432,432,308691840,0.0348103,283,18.866667650640011,False,False,1
433,433,309012247,0.0320407,284,18.933334320783615,False,False,1
434,434,309351203,0.0338956,285,19.000000990927219,False,False,1
435,435,309665938,0.0314735,286,19.066667661070824,False,False,1
436,436,310014333,0.0348395,287,19.133334331214428,False,False,1
437,437,310346464,0.0332131,288,19.200001001358032,False,False,1
438,438,310674709,0.0328245,289,19.266667671501637,False,False,1
439,439,311001552,0.0326843,290,19.333334341645241,False,False,1
440,440,311332677,0.0331125,291,19.400001011788845,False,False,1
441,441,311678148,0.0345471,292,19.466667681932449,False,False,1
442,442,311996090,0.0317942,293,19.533334352076054,False,False,1
443,443,312343588,0.0347498,294,19.600001022219658,False,False,1
444,444,312681228,0.033764,295,19.666667692363262,False,False,1
445,445,313016135,0.0334907,296,19.733334362506866,False,False,1
446,446,313366308,0.0350173,297,19.800001032650471,False,False,1
447,447,313680111,0.0313803,298,19.866667702794075,False,False,1
448,448,313996399,0.0316288,299,19.933334372937679,False,False,1
449,449,314339313,0.0342914,300,20.000001043081284,False,False,1
450,450,314669412,0.0330099,301,20.066667713224888,False,False,1
451,451,315004731,0.0335319,302,20.133334383368492,False,False,1
452,452,315350123,0.0345392,303,20.200001053512096,False,False,1
453,453,315665977,0.0315854,304,20.2666677236557,False,False,1
454,454,316003655,0.0337678,305,20.333334393799305,False,False,1
455,455,316330782,0.0327127,306,20.400001063942909,False,False,1
456,456,316674674,0.0343892,307,20.466667734086514,False,False,1
457,457,317013516,0.0338842,308,20.533334404230118,False,False,1
458,458,317350326,0.033681,309,20.600001074373722,False,False,1
459,459,317669429,0.0319103,310,20.666667744517326,False,False,1
460,460,317999558,0.0330129,311,20.733334414660931,False,False,1
461,461,318329019,0.0329461,312,20.800001084804535,False,False,1
462,462,318665905,0.0336886,313,20.866667754948139,False,False,1
463,463,319005132,0.0339227,314,20.933334425091743,False,False,1
464,464,319349119,0.0343987,315,21.000001095235348,False,False,1
465,465,319677427,0.0328308,316,21.066667765378952,False,False,1
466,466,320013868,0.0336441,317,21.133334435522556,False,False,1
467,467,320348985,0.0335117,318,21.200001105666161,False,False,1
468,468,320685266,0.0336281,319,21.266667775809765,False,False,1
469,469,321013437,0.0328171,320,21.333334445953369,False,False,1
470,470,321338196,0.0324759,321,21.400001116096973,False,False,1
471,471,321671264,0.0333068,322,21.466667786240578,False,False,1
472,472,322000826,0.0329562,323,21.533334456384182,False,False,1
473,473,322336463,0.0335637,324,21.600001126527786,False,False,1
474,474,322668179,0.0331716,325,21.666667796671391,False,False,1
475,475,322995086,0.0326907,326,21.733334466814995,False,False,1
476,476,323331253,0.0336167,327,21.8000011369586,False,False,1
477,477,323671636,0.0340383,328,21.866667807102203,False,False,1
478,478,324001335,0.0329699,329,21.933334477245808,False,False,1
479,479,324341308,0.0339973,330,22.000001147389412,False,False,1
480,480,324681006,0.0339698,331,22.066667817533016,False,False,1
481,481,325016231,0.0335225,332,22.13333448767662,False,False,1
482,482,325339539,0.0323308,333,22.200001157820225,False,False,1
483,483,325671269,0.033173,334,22.266667827963829,False,False,1
484,484,326009256,0.0337987,335,22.333334498107433,False,False,1
485,485,326337504,0.0328248,336,22.400001168251038,False,False,1
486,486,326662850,0.0325346,337,22.466667838394642,False,False,1
487,487,327001376,0.0338526,338,22.533334508538246,False,False,1
488,488,327343807,0.0342431,339,22.60000117868185,False,False,1
489,489,327662166,0.0318359,340,22.666667848825455,False,False,1
490,490,328003680,0.0341514,341,22.733334518969059,False,False,1
491,491,328347155,0.0343475,342,22.800001189112663,False,False,1
492,492,328665532,0.0318377,343,22.866667859256268,False,False,1
493,493,329007688,0.0342156,344,22.933334529399872,False,False,1
494,494,329345550,0.0337862,345,23.000001199543476,False,True,1
495,495,329664887,0.0319337,346,23.06666786968708,False,True,1
496,496,330000472,0.0335585,347,23.133334539830685,False,True,1
497,497,330354622,0.035415,348,23.200001209974289,False,True,1
498,498,330664857,0.0310235,349,23.266667880117893,False,True,1
499,499,330996458,0.0331601,350,23.333334550261497,False,True,1
500,500,331349514,0.0353056,351,23.4000012204051,False,True,1
501,501,331673423,0.0323909,352,23.466667890548706,False,True,1
502,502,332018623,0.03452,353,23.53333456069231,False,True,1
503,503,332346116,0.0327493,354,23.600001230835915,False,True,1
504,504,332682943,0.0336827,355,23.666667900979519,False,True,1
505,505,333000571,0.0317628,356,23.733334571123123,False,True,1
506,506,333328680,0.0328109,357,23.800001241266727,False,True,1
507,507,333666106,0.0337426,358,23.866667911410332,False,True,1
508,508,334000327,0.0334221,359,23.933334581553936,False,True,1
509,509,334332836,0.0332509,360,24.00000125169754,False,True,1
510,510,334676995,0.0344159,361,24.066667921841145,False,True,1
511,511,334997659,0.0320664,362,24.133334591984749,False,True,1
512,512,335342413,0.0344754,363,24.200001262128353,False,True,1
513,513,335662010,0.0319597,364,24.266667932271957,False,True,1
514,514,336003636,0.0341626,365,24.333334602415562,False,True,1
515,515,336333238,0.0329602,366,24.400001272559166,False,True,1
516,516,336682328,0.034909,367,24.46666794270277,False,True,1
517,517,337030481,0.0348153,368,24.533334612846375,False,True,1
518,518,337349210,0.0318729,369,24.600001282989979,False,True,1
519,519,337675654,0.0326444,370,24.666667953133583,False,True,1
520,520,338011362,0.0335708,371,24.733334623277187,False,True,1
521,521,338335761,0.0324399,372,24.800001293420792,False,True,1
522,522,338678728,0.0342967,373,24.866667963564396,False,True,1
523,523,339011397,0.0332669,374,24.933334633708,False,True,1
524,524,339349794,0.0338397,375,25.000001303851604,False,True,1
525,525,339661163,0.0311369,376,25.066667973995209,False,True,1
526,526,340010008,0.0348845,377,25.133334644138813,False,True,1
527,527,340341770,0.0331762,378,25.200001314282417,False,True,1
528,528,340680257,0.0338487,379,25.266667984426022,False,True,1
529,529,341003339,0.0323082,380,25.333334654569626,False,True,1
530,530,341353595,0.0350256,381,25.40000132471323,False,True,1
531,531,341683646,0.0330051,382,25.466667994856834,False,True,1
532,532,342013523,0.0329877,383,25.533334665000439,False,True,1
533,533,342336564,0.0323041,384,25.600001335144043,False,True,1
534,534,342669396,0.0332832,385,25.666668005287647,False,True,1
535,535,343016963,0.0347567,386,25.733334675431252,False,True,1
536,536,343343617,0.0326654,387,25.800001345574856,False,True,1
537,537,343681378,0.0337761,388,25.86666801571846,False,True,1
538,538,344012543,0.0331165,389,25.933334685862064,False,True,1
539,539,344341355,0.0328812,390,26.000001356005669,False,True,1
540,540,344663507,0.0322152,391,26.066668026149273,False,True,1
541,541,345006775,0.0343268,392,26.133334696292877,False,True,1
542,542,345344284,0.0337509,393,26.200001366436481,False,True,1
543,543,345684011,0.0339727,394,26.266668036580086,False,True,1
544,544,346005387,0.0321376,395,26.33333470672369,False,True,1
545,545,346338078,0.0332691,396,26.400001376867294,False,True,1
546,546,346668913,0.0330835,397,26.4666680470109,False,True,1
547,547,347011454,0.0342541,398,26.533334717154503,False,True,1
548,548,347345898,0.0334444,399,26.600001387298107,False,True,1
549,549,347688073,0.0342175,400,26.666668057441711,False,True,1
550,550,348002504,0.0314431,401,26.733334727585316,False,True,1
551,551,348346491,0.0343987,402,26.80000139772892,False,True,1
552,552,348669830,0.0323339,403,26.866668067872524,False,True,1
553,553,349002797,0.0332967,404,26.933334738016129,False,True,1
554,554,349355390,0.0352593,405,27.000001408159733,False,False,2
555,555,349662209,0.0306819,406,27.066668078303337,False,False,2
556,556,350010251,0.0348042,407,27.133334748446941,False,False,2
557,557,350335189,0.0324938,408,27.200001418590546,False,False,2
558,558,350677691,0.0342502,409,27.26666808873415,False,False,2
559,559,350999216,0.0321525,410,27.333334758877754,False,False,2
560,560,351338908,0.0339692,411,27.400001429021358,False,False,2
561,561,351664098,0.032519,412,27.466668099164963,False,False,2
562,562,352006114,0.0342016,413,27.533334769308567,False,False,2
563,563,352340193,0.0334079,414,27.600001439452171,False,False,2
564,564,352719096,0.0378903,415,27.666668109595776,False,False,2
565,565,353034742,0.0315646,416,27.73333477973938,False,False,2
566,566,353335860,0.0301118,417,27.800001449882984,False,False,2
567,567,353664705,0.0328845,418,27.866668120026588,False,False,2
568,568,354004957,0.0340252,419,27.933334790170193,False,False,2
569,569,354370626,0.0365669,420,28.000001460313797,False,False,2
570,570,354670570,0.0299944,421,28.0666681304574,False,False,2
571,571,355032541,0.0361971,422,28.133334800601006,False,False,2
572,572,355366541,0.0334,423,28.20000147074461,False,False,2
573,573,355682249,0.0315708,424,28.266668140888214,False,False,2
574,574,356009550,0.0327301,425,28.333334811031818,False,False,2
575,575,356363676,0.0354126,426,28.400001481175423,False,False,2
576,576,356698462,0.0334786,427,28.466668151319027,False,False,2
577,577,357026398,0.0327936,428,28.533334821462631,False,False,2
578,578,357357773,0.0331375,429,28.600001491606236,False,False,2
579,579,357676514,0.0318741,430,28.66666816174984,False,False,2
580,580,358019671,0.0343157,431,28.733334831893444,False,False,2
581,581,358349552,0.0329881,432,28.800001502037048,False,False,2
582,582,358668105,0.0318553,433,28.866668172180653,False,False,2
583,583,359019453,0.0351348,434,28.933334842324257,False,False,2
584,584,359335596,0.0316143,435,29.000001512467861,False,False,2
585,585,359698599,0.0363003,436,29.066668182611465,False,False,2
586,586,360010149,0.031155,437,29.13333485275507,False,False,2
587,587,360340217,0.0330068,438,29.200001522898674,False,False,2
588,588,360683917,0.03437,439,29.266668193042278,False,False,2
589,589,361015608,0.0331691,440,29.333334863185883,False,False,2
590,590,361346726,0.0331118,441,29.400001533329487,False,False,2
591,591,361688648,0.0341922,442,29.466668203473091,False,False,2
592,592,362010054,0.0321406,443,29.533334873616695,False,False,2
593,593,362345574,0.033552,444,29.6000015437603,False,False,2
594,594,362665174,0.03196,445,29.666668213903904,False,False,2
595,595,363019516,0.0354342,446,29.733334884047508,False,False,2
596,596,363348759,0.0329243,447,29.800001554191113,False,False,2
597,597,363675360,0.0326601,448,29.866668224334717,False,False,2
598,598,364009046,0.0333686,449,29.933334894478321,False,False,2
599,599,364344736,0.033569,450,30.000001564621925,False,False,2
600,600,364681523,0.0336787,451,30.06666823476553,False,False,2
601,601,365021099,0.0339576,452,30.133334904909134,False,False,2
602,602,365342719,0.032162,453,30.200001575052738,False,False,2
603,603,365679362,0.0336643,454,30.266668245196342,False,False,2
604,604,366012145,0.0332783,455,30.333334915339947,False,False,2
605,605,366336457,0.0324312,456,30.400001585483551,False,False,2
606,606,366674020,0.0337563,457,30.466668255627155,False,False,2
607,607,367003431,0.0329411,458,30.53333492577076,False,False,2
608,608,367330579,0.0327148,459,30.600001595914364,False,False,2
609,609,367670177,0.0339598,460,30.666668266057968,False,False,2
610,610,367998581,0.0328404,461,30.733334936201572,False,False,2
611,611,368335189,0.0336608,462,30.800001606345177,False,False,2
612,612,368692423,0.0357234,463,30.866668276488781,False,False,2
613,613,369016586,0.0324163,464,30.933334946632385,False,False,2
614,614,369354605,0.0338019,465,31.00000161677599,False,False,2
615,615,369682619,0.0328014,466,31.066668286919594,False,False,2
616,616,370006134,0.0323515,467,31.133334957063198,False,False,2
617,617,370335345,0.0329211,468,31.200001627206802,False,False,2
618,618,370670398,0.0335053,469,31.266668297350407,False,False,2
619,619,371004630,0.0334232,470,31.333334967494011,False,False,2
620,620,371331306,0.0326676,471,31.400001637637615,False,False,2
621,621,371682590,0.0351284,472,31.466668307781219,False,False,2
622,622,372017528,0.0334938,473,31.533334977924824,False,False,2
623,623,372336258,0.031873,474,31.600001648068428,False,False,2
624,624,372669602,0.0333344,475,31.666668318212032,False,False,2
625,625,373000430,0.0330828,476,31.733334988355637,False,False,2
626,626,373346141,0.0345711,477,31.800001658499241,False,False,2
627,627,373670757,0.0324616,478,31.866668328642845,False,False,2
628,628,374002865,0.0332108,479,31.933334998786449,False,False,2
629,629,374331361,0.0328496,480,32.000001668930054,False,False,2
630,630,374682646,0.0351285,481,32.066668339073658,False,False,2
631,631,375014858,0.0332212,482,32.133335009217262,False,False,2
632,632,375344992,0.0330134,483,32.200001679360867,False,False,2
633,633,375666760,0.0321768,484,32.266668349504471,False,False,2
634,634,375994904,0.0328144,485,32.333335019648075,False,False,2
635,635,376346805,0.0351901,486,32.400001689791679,False,False,2
636,636,376690194,0.0343389,487,32.466668359935284,False,False,2
637,637,376992402,0.0302208,488,32.533335030078888,False,False,2
638,638,377342237,0.0349835,489,32.600001700222492,False,False,2
639,639,377672304,0.0330067,490,32.6666683703661,False,False,2
640,640,378005811,0.0333507,491,32.7333350405097,False,False,2
641,641,378335096,0.0329285,492,32.800001710653305,False,False,2
642,642,378666556,0.033146,493,32.866668380796909,False,False,2
643,643,379008722,0.0342166,494,32.933335050940514,False,False,2
644,644,379334690,0.0325968,495,33.000001721084118,False,False,2
645,645,379676962,0.0342272,496,33.066668391227722,False,False,2
646,646,380005415,0.0328453,497,33.133335061371326,False,False,2
647,647,380334497,0.0329082,498,33.200001731514931,False,False,2
648,648,380694659,0.0360162,499,33.266668401658535,False,False,2
649,649,381013004,0.0318345,500,33.333335071802139,False,False,2
650,650,381356785,0.0343781,501,33.400001741945744,False,False,2
651,651,381681733,0.0324948,502,33.466668412089348,False,False,2
652,652,382009791,0.0328058,503,33.533335082232952,False,False,2
653,653,382342186,0.0332395,504,33.600001752376556,False,False,2
654,654,382663971,0.0321785,505,33.666668422520161,False,False,2
655,655,383013796,0.0349825,506,33.733335092663765,False,False,2
656,656,383350796,0.0337,507,33.800001762807369,False,False,2
657,657,383675971,0.0325175,508,33.866668432950974,False,False,2
658,658,384010687,0.0334716,509,33.933335103094578,False,False,2
659,659,384338473,0.0327786,510,34.000001773238182,False,False,2
660,660,384665523,0.032705,511,34.066668443381786,False,False,2
661,661,385016252,0.0350729,512,34.133335113525391,False,False,2
662,662,385330771,0.0314519,513,34.200001783668995,False,False,2
663,663,385690671,0.03599,514,34.2666684538126,False,False,2
664,664,386000695,0.0310024,515,34.3333351239562,False,False,2
665,665,386334201,0.0333506,516,34.400001794099808,False,False,2
666,666,386665787,0.0331586,517,34.466668464243412,False,False,2
667,667,387002655,0.0336868,518,34.533335134387016,False,False,2
668,668,387330422,0.0327767,519,34.600001804530621,False,False,2
669,669,387685152,0.035473,520,34.666668474674225,False,False,2
670,670,388018296,0.0333144,521,34.733335144817829,False,False,2
671,671,388340615,0.0322319,522,34.800001814961433,False,False,2
672,672,388664728,0.0324113,523,34.866668485105038,False,False,2
673,673,389013834,0.0349106,524,34.933335155248642,False,False,2
674,674,389339181,0.0325347,525,35.000001825392246,False,False,2
675,675,389675054,0.0335873,526,35.066668495535851,False,False,2
676,676,390001206,0.0326152,527,35.133335165679455,False,False,2
677,677,390343308,0.0342102,528,35.200001835823059,False,False,2
678,678,390683850,0.0340542,529,35.266668505966663,False,False,2
679,679,390998366,0.0314516,530,35.333335176110268,False,False,2
680,680,391337493,0.0339127,531,35.400001846253872,False,False,2
681,681,391677889,0.0340396,532,35.466668516397476,False,False,2
682,682,391997929,0.032004,533,35.53333518654108,False,False,2
683,683,392341537,0.0343608,534,35.600001856684685,False,False,2
684,684,392685144,0.0343607,535,35.666668526828289,False,False,2
685,685,393021654,0.033651,536,35.733335196971893,False,False,2
686,686,393347592,0.0325938,537,35.8000018671155,False,False,2
687,687,393681868,0.0334276,538,35.8666685372591,False,False,2
688,688,394017389,0.0335521,539,35.933335207402706,False,False,2
689,689,394335947,0.0318558,540,36.00000187754631,False,False,2
690,690,394680890,0.0344943,541,36.066668547689915,False,False,2
691,691,394999690,0.03188,542,36.133335217833519,False,False,2
692,692,395338919,0.0339229,543,36.200001887977123,False,False,2
693,693,395676157,0.0337238,544,36.266668558120728,False,False,2
694,694,396012973,0.0336816,545,36.333335228264332,False,False,2
695,695,396343871,0.0330898,546,36.400001898407936,False,False,2
696,696,396682034,0.0338163,547,36.46666856855154,False,False,2
697,697,397016189,0.0334155,548,36.533335238695145,False,False,2
698,698,397336376,0.0320187,549,36.600001908838749,False,False,2
699,699,397679969,0.0343593,550,36.666668578982353,False,False,2
700,700,398012882,0.0332913,551,36.733335249125957,False,False,2
701,701,398344184,0.0331302,552,36.800001919269562,False,False,2
702,702,398679291,0.0335107,553,36.866668589413166,False,False,2
703,703,399001713,0.0322422,554,36.93333525955677,False,False,2
704,704,399341276,0.0339563,555,37.000001929700375,False,True,2
705,705,399680456,0.033918,556,37.066668599843979,False,True,2
706,706,400009511,0.0329055,557,37.133335269987583,False,True,2
707,707,400353155,0.0343644,558,37.200001940131187,False,True,2
708,708,400665534,0.0312379,559,37.266668610274792,False,True,2
709,709,401014594,0.034906,560,37.333335280418396,False,True,2
710,710,401340716,0.0326122,561,37.400001950562,False,True,2
711,711,401682262,0.0341546,562,37.466668620705605,False,True,2
712,712,401996054,0.0313792,563,37.533335290849209,False,True,2
713,713,402339491,0.0343437,564,37.600001960992813,False,True,2
714,714,402682707,0.0343216,565,37.666668631136417,False,True,2
715,715,403006832,0.0324125,566,37.733335301280022,False,True,2
716,716,403349056,0.0342224,567,37.800001971423626,False,True,2
717,717,403677585,0.0328529,568,37.86666864156723,False,True,2
718,718,403997151,0.0319566,569,37.933335311710835,False,True,2
719,719,404349101,0.035195,570,38.000001981854439,False,True,2
720,720,404662593,0.0313492,571,38.066668651998043,False,True,2
721,721,405000640,0.0338047,572,38.133335322141647,False,True,2
722,722,405339714,0.0339074,573,38.200001992285252,False,True,2
723,723,405681980,0.0342266,574,38.266668662428856,False,True,2
724,724,405996572,0.0314592,575,38.33333533257246,False,True,2
725,725,406332892,0.033632,576,38.400002002716064,False,True,2
726,726,406664991,0.0332099,577,38.466668672859669,False,True,2
727,727,407018512,0.0353521,578,38.533335343003273,False,True,2
728,728,407349189,0.0330677,579,38.600002013146877,False,True,2
729,729,407682802,0.0333613,580,38.666668683290482,False,True,2
730,730,408001323,0.0318521,581,38.733335353434086,False,True,2
731,731,408338771,0.0337448,582,38.80000202357769,False,True,2
732,732,408671525,0.0332754,583,38.866668693721294,False,True,2
733,733,409017971,0.0346446,584,38.9333353638649,False,True,2
734,734,409333330,0.0315359,585,39.0000020340085,False,True,2
735,735,409672753,0.0339423,586,39.066668704152107,False,True,2
736,736,410013773,0.034102,587,39.133335374295712,False,True,2
737,737,410347342,0.0333569,588,39.200002044439316,False,True,2
738,738,410682827,0.0335485,589,39.26666871458292,False,True,2
739,739,411006508,0.0323681,590,39.333335384726524,False,True,2
740,740,411341550,0.0335042,591,39.400002054870129,False,True,2
741,741,411666524,0.0324974,592,39.466668725013733,False,True,2
742,742,411999261,0.0332737,593,39.533335395157337,False,True,2
743,743,412345193,0.0345932,594,39.600002065300941,False,True,2
744,744,412674126,0.0328933,595,39.666668735444546,False,True,2
745,745,413006253,0.0332127,596,39.73333540558815,False,True,2
746,746,413348452,0.0342199,597,39.800002075731754,False,True,2
747,747,413671377,0.0322925,598,39.866668745875359,False,True,2
748,748,413998686,0.0327309,599,39.933335416018963,False,True,2
749,749,414336055,0.0337369,600,40.000002086162567,False,True,2
750,750,414663743,0.0327688,601,40.066668756306171,False,True,2
751,751,415011662,0.0347919,602,40.133335426449776,False,True,2
752,752,415347058,0.0335396,603,40.20000209659338,False,True,2
753,753,415672803,0.0325745,604,40.266668766736984,False,True,2
754,754,416012542,0.0339739,605,40.333335436880589,False,True,2
755,755,416343953,0.0331411,606,40.400002107024193,False,True,2
756,756,416680133,0.033618,607,40.4666687771678,False,True,2
757,757,417001338,0.0321205,608,40.5333354473114,False,True,2
758,758,417350043,0.0348705,609,40.600002117455006,False,True,2
759,759,417674619,0.0324576,610,40.66666878759861,False,True,2
760,760,418006829,0.033221,611,40.733335457742214,False,True,2
761,761,418347279,0.034045,612,40.800002127885818,False,True,2
762,762,418671676,0.0324397,613,40.866668798029423,False,True,2
763,763,418998344,0.0326668,614,40.933335468173027,False,True,2
764,764,419347603,0.0349259,615,41.000002138316631,False,False,3
765,765,419661170,0.0313567,616,41.066668808460236,False,False,3
766,766,420008717,0.0347547,617,41.13333547860384,False,False,3
767,767,420340113,0.0331396,618,41.200002148747444,False,False,3
768,768,420682081,0.0341968,619,41.266668818891048,False,False,3
769,769,420998205,0.0316124,620,41.333335489034653,False,False,3
770,770,421336423,0.0338218,621,41.400002159178257,False,False,3
771,771,421684858,0.0348435,622,41.466668829321861,False,False,3
772,772,421992854,0.0307996,623,41.533335499465466,False,False,3
773,773,422345751,0.0352897,624,41.60000216960907,False,False,3
774,774,422664348,0.0318597,625,41.666668839752674,False,False,3
775,775,422997405,0.0333057,626,41.733335509896278,False,False,3
776,776,423344532,0.0347127,627,41.800002180039883,False,False,3
777,777,423680788,0.0336256,628,41.866668850183487,False,False,3
778,778,424006386,0.0325598,629,41.933335520327091,False,False,3
779,779,424359822,0.0353436,630,42.000002190470695,False,False,3
780,780,424678451,0.0318629,631,42.0666688606143,False,False,3
781,781,425001890,0.0323439,632,42.133335530757904,False,False,3
782,782,425340633,0.0338743,633,42.200002200901508,False,False,3
783,783,425677883,0.033725,634,42.266668871045113,False,False,3
784,784,426001719,0.0323836,635,42.333335541188717,False,False,3
785,785,426339531,0.0337812,636,42.400002211332321,False,False,3
786,786,426679665,0.0340134,637,42.466668881475925,False,False,3
787,787,426998457,0.0318792,638,42.53333555161953,False,False,3
788,788,427337093,0.0338636,639,42.600002221763134,False,False,3
789,789,427664493,0.03274,640,42.666668891906738,False,False,3
790,790,427996778,0.0332285,641,42.733335562050343,False,False,3
791,791,428343163,0.0346385,642,42.800002232193947,False,False,3
792,792,428690724,0.0347561,643,42.866668902337551,False,False,3
793,793,428993232,0.0302508,644,42.933335572481155,False,False,3
794,794,429336564,0.0343332,645,43.00000224262476,False,False,3
795,795,429682250,0.0345686,646,43.066668912768364,False,False,3
796,796,429996685,0.0314435,647,43.133335582911968,False,False,3
797,797,430336449,0.0339764,648,43.200002253055573,False,False,3
798,798,430674564,0.0338115,649,43.266668923199177,False,False,3
799,799,431024071,0.0349507,650,43.333335593342781,False,False,3
800,800,431333105,0.0309034,651,43.400002263486385,False,False,3
801,801,431678323,0.0345218,652,43.46666893362999,False,False,3
802,802,432013822,0.0335499,653,43.533335603773594,False,False,3
803,803,432350642,0.033682,654,43.6000022739172,False,False,3
804,804,432659812,0.030917,655,43.6666689440608,False,False,3
805,805,433022566,0.0362754,656,43.733335614204407,False,False,3
806,806,433337822,0.0315256,657,43.800002284348011,False,False,3
807,807,433687846,0.0350024,658,43.866668954491615,False,False,3
808,808,434006826,0.031898,659,43.93333562463522,False,False,3
809,809,434338558,0.0331732,660,44.000002294778824,False,False,3
810,810,434673228,0.033467,661,44.066668964922428,False,False,3
811,811,435005753,0.0332525,662,44.133335635066032,False,False,3
812,812,435330319,0.0324566,663,44.200002305209637,False,False,3
813,813,435686269,0.035595,664,44.266668975353241,False,False,3
814,814,436010801,0.0324532,665,44.333335645496845,False,False,3
815,815,436346794,0.0335993,666,44.40000231564045,False,False,3
816,816,436675191,0.0328397,667,44.466668985784054,False,False,3
817,817,437014918,0.0339727,668,44.533335655927658,False,False,3
818,818,437342079,0.0327161,669,44.600002326071262,False,False,3
819,819,437683843,0.0341764,670,44.666668996214867,False,False,3
820,820,438020651,0.0336808,671,44.733335666358471,False,False,3
821,821,438346541,0.032589,672,44.800002336502075,False,False,3
822,822,438664557,0.0318016,673,44.866669006645679,False,False,3
823,823,439013956,0.0349399,674,44.933335676789284,False,False,3
824,824,439347470,0.0333514,675,45.000002346932888,False,False,3
825,825,439669351,0.0321881,676,45.066669017076492,False,False,3
826,826,440015756,0.0346405,677,45.1333356872201,False,False,3
827,827,440354667,0.0338911,678,45.2000023573637,False,False,3
828,828,440696194,0.0341527,679,45.266669027507305,False,False,3
829,829,441017066,0.0320872,680,45.333335697650909,False,False,3
830,830,441340548,0.0323482,681,45.400002367794514,False,False,3
831,831,441675378,0.033483,682,45.466669037938118,False,False,3
832,832,442004202,0.0328824,683,45.533335708081722,False,False,3
833,833,442344506,0.0340304,684,45.600002378225327,False,False,3
834,834,442667762,0.0323256,685,45.666669048368931,False,False,3
835,835,443004732,0.033697,686,45.733335718512535,False,False,3
836,836,443332526,0.0327794,687,45.800002388656139,False,False,3
837,837,443672308,0.0339782,688,45.866669058799744,False,False,3
838,838,444020417,0.0348109,689,45.933335728943348,False,False,3
839,839,444368051,0.0347634,690,46.000002399086952,False,False,3
840,840,444679748,0.0311697,691,46.066669069230556,False,False,3
841,841,445014162,0.0334414,692,46.133335739374161,False,False,3
842,842,445332273,0.0318111,693,46.200002409517765,False,False,3
843,843,445675797,0.0343524,694,46.266669079661369,False,False,3
844,844,446012709,0.0336912,695,46.333335749804974,False,False,3
845,845,446337072,0.0324363,696,46.400002419948578,False,False,3
846,846,446679648,0.0342576,697,46.466669090092182,False,False,3
847,847,447017218,0.033757,698,46.533335760235786,False,False,3
848,848,447348913,0.0331695,699,46.600002430379391,False,False,3
849,849,447681162,0.0332249,700,46.666669100522995,False,False,3
850,850,448011300,0.0330138,701,46.7333357706666,False,False,3
851,851,448349658,0.0338358,702,46.8000024408102,False,False,3
852,852,448682019,0.0332361,703,46.866669110953808,False,False,3
853,853,449016272,0.0334253,704,46.933335781097412,False,False,3
854,854,449359956,0.0343684,705,47.000002451241016,False,False,3
855,855,449676487,0.0316531,706,47.066669121384621,False,False,3
856,856,450014585,0.0338098,707,47.133335791528225,False,False,3
857,857,450348335,0.033375,708,47.200002461671829,False,False,3
858,858,450677369,0.0329034,709,47.266669131815434,False,False,3
859,859,451007662,0.0330293,710,47.333335801959038,False,False,3
860,860,451337897,0.0330235,711,47.400002472102642,False,False,3
861,861,451687502,0.0349605,712,47.466669142246246,False,False,3
862,862,452004206,0.0316704,713,47.533335812389851,False,False,3
863,863,452344482,0.0340276,714,47.600002482533455,False,False,3
864,864,452679792,0.033531,715,47.666669152677059,False,False,3
865,865,453005467,0.0325675,716,47.733335822820663,False,False,3
866,866,453345527,0.034006,717,47.800002492964268,False,False,3
867,867,453662729,0.0317202,718,47.866669163107872,False,False,3
868,868,454009138,0.0346409,719,47.933335833251476,False,False,3
869,869,454325939,0.0316801,720,48.000002503395081,False,False,3
870,870,454669951,0.0344012,721,48.066669173538685,False,False,3
871,871,454994986,0.0325035,722,48.133335843682289,False,False,3
872,872,455349240,0.0354254,723,48.200002513825893,False,False,3
873,873,455680650,0.033141,724,48.2666691839695,False,False,3
874,874,455996123,0.0315473,725,48.3333358541131,False,False,3
875,875,456348842,0.0352719,726,48.400002524256706,False,False,3
876,876,456673372,0.032453,727,48.466669194400311,False,False,3
877,877,457007506,0.0334134,728,48.533335864543915,False,False,3
878,878,457346289,0.0338783,729,48.600002534687519,False,False,3
879,879,457669703,0.0323414,730,48.666669204831123,False,False,3
880,880,457997785,0.0328082,731,48.733335874974728,False,False,3
881,881,458334832,0.0337047,732,48.800002545118332,False,False,3
882,882,458665382,0.033055,733,48.866669215261936,False,False,3
883,883,459020770,0.0355388,734,48.93333588540554,False,False,3
884,884,459334770,0.0314,735,49.000002555549145,False,False,3
885,885,459682003,0.0347233,736,49.066669225692749,False,False,3
886,886,459996709,0.0314706,737,49.133335895836353,False,False,3
887,887,460347743,0.0351034,738,49.200002565979958,False,False,3
888,888,460674581,0.0326838,739,49.266669236123562,False,False,3
889,889,461004258,0.0329677,740,49.333335906267166,False,False,3
890,890,461361774,0.0357516,741,49.40000257641077,False,False,3
891,891,461679658,0.0317884,742,49.466669246554375,False,False,3
892,892,462012103,0.0332445,743,49.533335916697979,False,False,3
893,893,462327379,0.0315276,744,49.600002586841583,False,False,3
894,894,462672430,0.0345051,745,49.666669256985188,False,False,3
895,895,463013188,0.0340758,746,49.733335927128792,False,False,3
896,896,463352822,0.0339634,747,49.800002597272396,False,False,3
897,897,463670501,0.0317679,748,49.866669267416,False,False,3
898,898,464017018,0.0346517,749,49.933335937559605,False,False,3
899,899,464348797,0.0331779,750,50.000002607703209,False,False,3
900,900,464659950,0.0311153,751,50.066669277846813,False,False,3
901,901,465010987,0.0351037,752,50.133335947990417,False,False,3
902,902,465346174,0.0335187,753,50.200002618134022,False,False,3
903,903,465681783,0.0335609,754,50.266669288277626,False,False,3
904,904,465999989,0.0318206,755,50.33333595842123,False,False,3
905,905,466333481,0.0333492,756,50.400002628564835,False,False,3
906,906,466663858,0.0330377,757,50.466669298708439,False,False,3
907,907,466997260,0.0333402,758,50.533335968852043,False,False,3
908,908,467340505,0.0343245,759,50.600002638995647,False,False,3
909,909,467668330,0.0327825,760,50.666669309139252,False,False,3
910,910,468011716,0.0343386,761,50.733335979282856,False,False,3
911,911,468343845,0.0332129,762,50.80000264942646,False,False,3
912,912,468706654,0.0362809,763,50.866669319570065,False,False,3
913,913,469000614,0.029396,764,50.933335989713669,False,False,3
914,914,469339653,0.0339039,765,51.000002659857273,False,True,3
915,915,469675444,0.0335791,766,51.066669330000877,False,True,3
916,916,470000746,0.0325302,767,51.133336000144482,False,True,3
917,917,470353619,0.0352873,768,51.200002670288086,False,True,3
918,918,470671259,0.031764,769,51.26666934043169,False,True,3
919,919,471005035,0.0333776,770,51.333336010575294,False,True,3
920,920,471343405,0.033837,771,51.4000026807189,False,True,3
921,921,471678120,0.0334715,772,51.4666693508625,False,True,3
922,922,472011784,0.0333664,773,51.533336021006107,False,True,3
923,923,472348640,0.0336856,774,51.600002691149712,False,True,3
924,924,472691346,0.0342706,775,51.666669361293316,False,True,3
925,925,473016507,0.0325161,776,51.73333603143692,False,True,3
926,926,473355094,0.0338587,777,51.800002701580524,False,True,3
927,927,473677055,0.0321961,778,51.866669371724129,False,True,3
928,928,474005637,0.0328582,779,51.933336041867733,False,True,3
929,929,474329768,0.0324131,780,52.000002712011337,False,True,3
930,930,474671131,0.0341363,781,52.066669382154942,False,True,3
931,931,475011484,0.0340353,782,52.133336052298546,False,True,3
932,932,475337488,0.0326004,783,52.20000272244215,False,True,3
933,933,475685966,0.0348478,784,52.266669392585754,False,True,3
934,934,476003936,0.031797,785,52.333336062729359,False,True,3
935,935,476339874,0.0335938,786,52.400002732872963,False,True,3
936,936,476662731,0.0322857,787,52.466669403016567,False,True,3
937,937,477019571,0.035684,788,52.533336073160172,False,True,3
938,938,477348866,0.0329295,789,52.600002743303776,False,True,3
939,939,477696248,0.0347382,790,52.66666941344738,False,True,3
940,940,477993115,0.0296867,791,52.733336083590984,False,True,3
941,941,478331610,0.0338495,792,52.800002753734589,False,True,3
942,942,478673621,0.0342011,793,52.866669423878193,False,True,3
943,943,479002091,0.032847,794,52.9333360940218,False,True,3
944,944,479347859,0.0345768,795,53.0000027641654,False,True,3
945,945,479681429,0.033357,796,53.066669434309006,False,True,3
946,946,479998223,0.0316794,797,53.13333610445261,False,True,3
947,947,480320682,0.0322459,798,53.200002774596214,False,True,3
948,948,480669550,0.0348868,799,53.266669444739819,False,True,3
949,949,480993573,0.0324023,800,53.333336114883423,False,True,3
950,950,481343580,0.0350007,801,53.400002785027027,False,True,3
951,951,481687925,0.0344345,802,53.466669455170631,False,True,3
952,952,482002039,0.0314114,803,53.533336125314236,False,True,3
953,953,482355944,0.0353905,804,53.60000279545784,False,True,3
954,954,482668682,0.0312738,805,53.666669465601444,False,True,3
955,955,482996367,0.0327685,806,53.733336135745049,False,True,3
956,956,483349239,0.0352872,807,53.800002805888653,False,True,3
957,957,483662926,0.0313687,808,53.866669476032257,False,True,3
958,958,484006546,0.034362,809,53.933336146175861,False,True,3
959,959,484341864,0.0335318,810,54.000002816319466,False,True,3
960,960,484663436,0.0321572,811,54.06666948646307,False,True,3
961,961,485013040,0.0349604,812,54.133336156606674,False,True,3
962,962,485344856,0.0331816,813,54.200002826750278,False,True,3
963,963,485667673,0.0322817,814,54.266669496893883,False,True,3
964,964,486004933,0.033726,815,54.333336167037487,False,True,3
965,965,486357873,0.035294,816,54.400002837181091,False,True,3
966,966,486665375,0.0307502,817,54.466669507324696,False,True,3
967,967,487010709,0.0345334,818,54.5333361774683,False,True,3
968,968,487344373,0.0333664,819,54.600002847611904,False,True,3
969,969,487682843,0.033847,820,54.666669517755508,False,True,3
970,970,488011903,0.032906,821,54.733336187899113,False,True,3
971,971,488334769,0.0322866,822,54.800002858042717,False,True,3
972,972,488680859,0.034609,823,54.866669528186321,False,True,3
973,973,489013354,0.0332495,824,54.933336198329926,False,True,3
