path,entry_id,content_id,name,section
入门攻略,39402,,入门攻略,入门攻略
入门攻略 / 入坑必看,56812,,入坑必看,入门攻略
入门攻略 / 入坑必看 / 保姆教程,102710,166659,保姆教程,入门攻略
入门攻略 / 入坑必看 / 快速注册,114565,578666,快速注册,入门攻略
入门攻略 / 入坑必看 / 萌新百问,41065,52695,萌新百问,入门攻略
入门攻略 / 入坑必看 / 每日任务,57327,82285,每日任务,入门攻略
入门攻略 / 入坑必看 / 关于初始号,103182,154150,关于初始号,入门攻略
入门攻略 / 入坑必看 / 活动视频,103160,153677,活动视频,入门攻略
入门攻略 / 入坑必看 / 提升流畅度,102675,153165,提升流畅度,入门攻略
入门攻略 / 入坑必看 / 兑换码,117347,584472,兑换码,入门攻略
入门攻略 / 入坑必看 / 萌新名词粗解,122315,591309,萌新名词粗解,入门攻略
入门攻略 / 相关工具,102788,,相关工具,入门攻略
入门攻略 / 相关工具 / 攻略组招新,39813,50264,攻略组招新,入门攻略
入门攻略 / 相关工具 / 云手机推荐,43492,,云手机推荐,入门攻略
入门攻略 / 相关工具 / OurPlay加速器,39591,,OurPlay加速器,入门攻略
入门攻略 / 相关工具 / 抽卡模拟器,108059,161592,抽卡模拟器,入门攻略
入门攻略 / 相关工具 / 界面翻译,49898,70042,界面翻译,入门攻略
入门攻略 / 相关工具 / 自动斩车器,107307,160737,自动斩车器,入门攻略
入门攻略 / 相关工具 / 游戏自动化,108735,162330,游戏自动化,入门攻略
入门攻略 / 相关工具 / PCK工具,121113,591241,PCK工具,入门攻略
入门攻略 / 相关工具 / 加个框框,117544,585279,加个框框,入门攻略
入门攻略 / DC韩语速成,104929,,DC韩语速成,入门攻略
入门攻略 / DC韩语速成 / 0.说明,104934,156697,0.说明,入门攻略
入门攻略 / DC韩语速成 / 1.母音(元音),104935,156716,1.母音(元音),入门攻略
入门攻略 / DC韩语速成 / 2.子音(辅音),104936,156790,2.子音(辅音),入门攻略
入门攻略 / DC韩语速成 / 3.收音,104937,157006,3.收音,入门攻略
入门攻略 / DC韩语速成 / 4.音变,104938,,4.音变,入门攻略
入门攻略 / DC韩语速成 / 5.游戏界面,104939,157010,5.游戏界面,入门攻略
入门攻略 / DC韩语速成 / 6.魂卡&附魔,104940,,6.魂卡&附魔,入门攻略
入门攻略 / DC韩语速成 / 7.技能&Buff,104941,,7.技能&Buff,入门攻略
入门攻略 / DC韩语速成 / 8.介词,104944,,8.介词,入门攻略
入门攻略 / DC韩语速成 / 66.汉化,106459,159199,66.汉化,入门攻略
入门攻略 / 变强五步,111541,,变强五步,入门攻略
入门攻略 / 变强五步 / 天子选择,110581,164262,天子选择,入门攻略
入门攻略 / 变强五步 / 如何提练度,105643,157898,如何提练度,入门攻略
入门攻略 / 变强五步 / 全资源获取,107482,161028,全资源获取,入门攻略
入门攻略 / 变强五步 / 全商店攻略,110867,164568,全商店攻略,入门攻略
玩法介绍,111553,,玩法介绍,玩法介绍
玩法介绍 / 战斗提升,111540,,战斗提升,玩法介绍
玩法介绍 / 战斗提升 / 点火系统,41834,165459,点火系统,玩法介绍
玩法介绍 / 战斗提升 / 玩偶玩法,63508,90725,玩偶玩法,玩法介绍
玩法介绍 / 战斗提升 / 温泉攻略,110918,164838,温泉攻略,玩法介绍
玩法介绍 / 战斗提升 / 装备强化,111537,167061,装备强化,玩法介绍
玩法介绍 / 战斗提升 / FT计算器,120232,589699,FT计算器,玩法介绍
玩法介绍 / 理财/节省经济,111544,,理财/节省经济,玩法介绍
玩法介绍 / 理财/节省经济 / 挖矿攻略,111491,166473,挖矿攻略,玩法介绍
玩法介绍 / 理财/节省经济 / 理财方法,111545,167325,理财方法,玩法介绍
玩法介绍 / 理财/节省经济 / 看广告攻略,112328,169195,看广告攻略,玩法介绍
玩法介绍 / 战斗玩法,110486,,战斗玩法,玩法介绍
玩法介绍 / 战斗玩法 / PVP介绍/指路,110611,164372,PVP介绍/指路,玩法介绍
玩法介绍 / 战斗玩法 / 乱斗介绍,111542,168406,乱斗介绍,玩法介绍
玩法介绍 / 战斗玩法 / 双重乱斗介绍,52914,74377,双重乱斗介绍,玩法介绍
玩法介绍 / 战斗玩法 / 皮肤塔介绍/攻略,56834,81743,皮肤塔介绍/攻略,玩法介绍
玩法介绍 / 战斗玩法 / 地铁介绍,111543,167124,地铁介绍,玩法介绍
玩法介绍 / 战斗玩法 / 地狱介绍/指路,110514,164164,地狱介绍/指路,玩法介绍
玩法介绍 / 战斗玩法 / Rd图文详解,41175,53131,Rd图文详解,玩法介绍
玩法介绍 / 战斗玩法 / WB介绍,111538,169159,WB介绍,玩法介绍
玩法介绍 / 战斗玩法 / 太空漫步,63496,90679,太空漫步,玩法介绍
玩法介绍 / 战斗玩法 / 翻牌攻略,103191,154272,翻牌攻略,玩法介绍
玩法介绍 / 温泉、挖矿和翻牌,103552,,温泉、挖矿和翻牌,玩法介绍
玩法介绍 / 温泉、挖矿和翻牌 / 优先泡温泉的天子,106320,159032,优先泡温泉的天子,玩法介绍
玩法介绍 / 温泉、挖矿和翻牌 / 二/三星挖矿,107281,160549,二/三星挖矿,玩法介绍
玩法介绍 / 温泉、挖矿和翻牌 / 翻牌梭哈,112586,169817,翻牌梭哈,玩法介绍
玩法介绍 / 温泉、挖矿和翻牌 / 人偶回收方法,118376,585433,人偶回收方法,玩法介绍
玩法介绍 / 温泉、挖矿和翻牌 / 三刀PVP,123073,594916,三刀PVP,玩法介绍
抽卡建议,113204,,抽卡建议,抽卡建议
抽卡建议 / 抽卡建议,113206,,抽卡建议,抽卡建议
抽卡建议 / 抽卡建议 / 新人抽卡建议,112265,155264,新人抽卡建议,抽卡建议
抽卡建议 / 抽卡建议 / 7.20 抽卡建议,123322,595348,7.20 抽卡建议,抽卡建议
抽卡建议 / 抽卡建议 / 8-3抽卡建议,123323,595351,8-3抽卡建议,抽卡建议
抽卡建议 / 抽卡归档,115303,,抽卡归档,抽卡建议
抽卡建议 / 抽卡归档 / 7.6抽卡建议,122141,593008,7.6抽卡建议,抽卡建议
抽卡建议 / 抽卡归档 / 6.22抽卡建议,122140,593007,6.22抽卡建议,抽卡建议
抽卡建议 / 抽卡归档 / 6.8抽卡建议,121159,591322,6.8抽卡建议,抽卡建议
抽卡建议 / 抽卡归档 / 5.25抽卡建议,121158,591314,5.25抽卡建议,抽卡建议
抽卡建议 / 抽卡归档 / 5.11抽卡建议,120142,589649,5.11抽卡建议,抽卡建议
抽卡建议 / 抽卡归档 / 4.27抽卡建议,120141,589644,4.27抽卡建议,抽卡建议
抽卡建议 / 抽卡归档 / 4.13抽卡建议,118400,587938,4.13抽卡建议,抽卡建议
抽卡建议 / 抽卡归档 / 3.30抽卡建议,118399,587039,3.30抽卡建议,抽卡建议
抽卡建议 / 抽卡归档 / 23-3-16抽卡建议,117337,585986,23-3-16抽卡建议,抽卡建议
抽卡建议 / 抽卡归档 / 23-3-2抽卡建议,117336,584836,23-3-2抽卡建议,抽卡建议
抽卡建议 / 抽卡归档 / 12-08抽卡建议,113207,171992,12-08抽卡建议,抽卡建议
抽卡建议 / 抽卡归档 / 12-22抽卡建议,113208,171997,12-22抽卡建议,抽卡建议
抽卡建议 / 抽卡归档 / 23-01-05抽卡建议,115304,580186,23-01-05抽卡建议,抽卡建议
抽卡建议 / 抽卡归档 / 23-2-16抽卡建议,116297,582306,23-2-16抽卡建议,抽卡建议
抽卡建议 / 抽卡归档 / 23-01-19抽卡建议,115305,580191,23-01-19抽卡建议,抽卡建议
抽卡建议 / 抽卡归档 / 23-2-02抽卡建议,116296,582304,23-2-02抽卡建议,抽卡建议
进阶攻略,110916,,进阶攻略,进阶攻略
进阶攻略 / 精品攻略,111093,,精品攻略,进阶攻略
进阶攻略 / 精品攻略 / 点火石图鉴版,68267,95715,点火石图鉴版,进阶攻略
进阶攻略 / 精品攻略 / 玩偶馆攻略,113752,577273,玩偶馆攻略,进阶攻略
进阶攻略 / 精品攻略 / RD刀装备&附魔推荐,61598,88021,RD刀装备&附魔推荐,进阶攻略
进阶攻略 / 精品攻略 / 新S附魔简评&推荐,61596,87997,新S附魔简评&推荐,进阶攻略
进阶攻略 / 精品攻略 / 铁匠铺攻略,113889,577512,铁匠铺攻略,进阶攻略
进阶攻略 / 精品攻略 / WB兑换推荐,116915,165451,WB兑换推荐,进阶攻略
进阶攻略 / 精品攻略 / 星云攻略,112045,158846,星云攻略,进阶攻略
进阶攻略 / 精品攻略 / 星云4攻略,117219,584510,星云4攻略,进阶攻略
进阶攻略 / 精品攻略 / 星云WB,121091,584717,星云WB,进阶攻略
进阶攻略 / 数据进阶资料,39887,,数据进阶资料,进阶攻略
进阶攻略 / 数据进阶资料 / 天子升星,55279,77413,天子升星,进阶攻略
进阶攻略 / 数据进阶资料 / 技能机制,55252,77119,技能机制,进阶攻略
进阶攻略 / 数据进阶资料 / 战斗机制,122978,594618,战斗机制,进阶攻略
进阶攻略 / 数据进阶资料 / 增伤技能,107807,161379,增伤技能,进阶攻略
进阶攻略 / 数据进阶资料 / 伤害篇（1）,51061,71359,伤害篇（1）,进阶攻略
进阶攻略 / 数据进阶资料 / 伤害篇（2）,51144,71519,伤害篇（2）,进阶攻略
进阶攻略 / 数据进阶资料 / 伤害公式,60698,86419,伤害公式,进阶攻略
进阶攻略 / 数据进阶资料 / 伤害计算器,50878,71205,伤害计算器,进阶攻略
进阶攻略 / 数据进阶资料 / Child面板属性,103562,154930,Child面板属性,进阶攻略
进阶攻略 / 数据进阶资料 / Boss属性技能,100905,151227,Boss属性技能,进阶攻略
进阶攻略 / 数据进阶资料 / Boss防御计算,55758,78080,Boss防御计算,进阶攻略
进阶攻略 / 数据进阶资料 / Boss战刀点火附魔,117375,584929,Boss战刀点火附魔,进阶攻略
进阶攻略 / 数据进阶资料 / WB刀点火石优选,57481,82362,WB刀点火石优选,进阶攻略
进阶攻略 / 数据进阶资料 / 温泉礼物,103996,155442,温泉礼物,进阶攻略
进阶攻略 / 数据进阶资料 / 温泉经验表,103972,155184,温泉经验表,进阶攻略
进阶攻略 / 数据进阶资料 / PvP攻略高阶,56610,81419,PvP攻略高阶,进阶攻略
进阶攻略 / 数据进阶资料 / 还魂分析,44817,58437,还魂分析,进阶攻略
进阶攻略 / 数据进阶资料 / 历届Raid回顾,104042,88435,历届Raid回顾,进阶攻略
进阶攻略 / 旧攻略待更新,110485,,旧攻略待更新,进阶攻略
进阶攻略 / 旧攻略待更新 / 白/绿 人偶攻略,101286,151619,白/绿 人偶攻略,进阶攻略
进阶攻略 / 旧攻略待更新 / 最速日常队,103145,153635,最速日常队,进阶攻略
进阶攻略 / 旧攻略待更新 / 练级方法,56879,81793,练级方法,进阶攻略
进阶攻略 / 旧攻略待更新 / Buff翻译,40569,51548,Buff翻译,进阶攻略
进阶攻略 / 旧攻略待更新 / Buff角图鉴,102790,153435,Buff角图鉴,进阶攻略
进阶攻略 / 旧攻略待更新 / 附魔介绍,40568,51547,附魔介绍,进阶攻略
进阶攻略 / 旧攻略待更新 / 附魔详解,51145,71525,附魔详解,进阶攻略
进阶攻略 / 旧攻略待更新 / PVP入门,60070,85389,PVP入门,进阶攻略
进阶攻略 / 旧攻略待更新 / WB萌新指北,41063,52807,WB萌新指北,进阶攻略
进阶攻略 / 旧攻略归档,111092,,旧攻略归档,进阶攻略
进阶攻略 / 旧攻略归档 / 基础入门,59597,84899,基础入门,进阶攻略
进阶攻略 / 旧攻略归档 / 萌新天子推荐,40422,51402,萌新天子推荐,进阶攻略
进阶攻略 / 旧攻略归档 / 萌新必看,56892,81814,萌新必看,进阶攻略
进阶攻略 / 旧攻略归档 / 庆祝WIKI迎来全新版本,57105,82019,庆祝WIKI迎来全新版本,进阶攻略
进阶攻略 / 旧攻略归档 / 箱子出货率,63993,91488,箱子出货率,进阶攻略
进阶攻略 / 旧攻略归档 / 4.7自选箱,102789,153434,4.7自选箱,进阶攻略
进阶攻略 / 旧攻略归档 / 玛瑙本性价比计算,65557,92882,玛瑙本性价比计算,进阶攻略
进阶攻略 / 旧攻略归档 / 暗系角色推荐,42752,57599,暗系角色推荐,进阶攻略
进阶攻略 / 长期更新攻略,62668,,长期更新攻略,进阶攻略
进阶攻略 / 长期更新攻略 / 全天子攻略,112257,168545,全天子攻略,进阶攻略
进阶攻略 / 长期更新攻略 / 全魂卡攻略,68831,96710,全魂卡攻略,进阶攻略
进阶攻略 / 长期更新攻略 / 全玩偶攻略,68826,96705,全玩偶攻略,进阶攻略
进阶攻略 / 长期更新攻略 / 什么是BG,109545,163338,什么是BG,进阶攻略
进阶攻略 / 长期更新攻略 / PVP前百攻略,109983,163844,PVP前百攻略,进阶攻略
进阶攻略 / 长期更新攻略 / WB攻略分享(有意愿继续维护的请随意),65111,89833,WB攻略分享(有意愿继续维护的请随意),进阶攻略
进阶攻略 / 长期更新攻略 / Raid全攻略,67682,95082,Raid全攻略,进阶攻略
进阶攻略 / 长期更新攻略 / DC未来更新,111088,165100,DC未来更新,进阶攻略
进阶攻略 / 限时活动攻略,57082,,限时活动攻略,进阶攻略
进阶攻略 / 限时活动攻略 / 7.20更新一图流,123411,595357,7.20更新一图流,进阶攻略
进阶攻略 / 限时活动攻略 / 8.17~9.21活动安排,124890,597675,8.17~9.21活动安排,进阶攻略
进阶攻略 / 以往限时活动攻略,41775,,以往限时活动攻略,进阶攻略
进阶攻略 / 以往限时活动攻略 / 6.22更新一图流,122433,593390,6.22更新一图流,进阶攻略
进阶攻略 / 以往限时活动攻略 / 6.8更新一图流,121842,592384,6.8更新一图流,进阶攻略
进阶攻略 / 以往限时活动攻略 / 限时一年全U包,121368,591811,限时一年全U包,进阶攻略
进阶攻略 / 以往限时活动攻略 / 5.25更新一图流,121183,591386,5.25更新一图流,进阶攻略
进阶攻略 / 以往限时活动攻略 / 🎈气球兑换推荐,120578,590266,🎈气球兑换推荐,进阶攻略
进阶攻略 / 以往限时活动攻略 / 5.11更新一图流,120762,590607,5.11更新一图流,进阶攻略
进阶攻略 / 以往限时活动攻略 / 4.27更新公告一图流,120206,589674,4.27更新公告一图流,进阶攻略
进阶攻略 / 以往限时活动攻略 / 双重乱斗攻略,118843,588028,双重乱斗攻略,进阶攻略
进阶攻略 / 以往限时活动攻略 / 史诗自选推荐,117771,585451,史诗自选推荐,进阶攻略
进阶攻略 / 以往限时活动攻略 / 新-财富密码,117211,584469,新-财富密码,进阶攻略
进阶攻略 / 以往限时活动攻略 / 双重乱斗粗攻略,116460,582830,双重乱斗粗攻略,进阶攻略
进阶攻略 / 以往限时活动攻略 / 光RB对抗策略,115387,580529,光RB对抗策略,进阶攻略
进阶攻略 / 以往限时活动攻略 / 水RB对抗策略,114498,578487,水RB对抗策略,进阶攻略
进阶攻略 / 以往限时活动攻略 / 更新RC领奖截图,113325,172194,更新RC领奖截图,进阶攻略
进阶攻略 / 以往限时活动攻略 / 9月29乱斗粗攻略,111933,167804,9月29乱斗粗攻略,进阶攻略
进阶攻略 / 以往限时活动攻略 / 8.4乱斗粗攻略,109984,163845,8.4乱斗粗攻略,进阶攻略
进阶攻略 / 以往限时活动攻略 / 6.9乱斗粗攻略,105923,158619,6.9乱斗粗攻略,进阶攻略
进阶攻略 / 以往限时活动攻略 / 暗rd实际战斗阵容推荐,105216,157195,暗rd实际战斗阵容推荐,进阶攻略
进阶攻略 / 以往限时活动攻略 / 平民暗rb第30层实录,103146,153577,平民暗rb第30层实录,进阶攻略
进阶攻略 / 以往限时活动攻略 / 水WB一票51亿（新刀突破极限）,68230,95663,水WB一票51亿（新刀突破极限）,进阶攻略
进阶攻略 / 以往限时活动攻略 / 水WB一票41亿,67521,95010,水WB一票41亿,进阶攻略
进阶攻略 / 以往限时活动攻略 / 12.9火系Raid副本推荐阵容,66627,94145,12.9火系Raid副本推荐阵容,进阶攻略
进阶攻略 / 以往限时活动攻略 / 10.28水系RAID+RB小学六年义务教育图书集,63848,90754,10.28水系RAID+RB小学六年义务教育图书集,进阶攻略
进阶攻略 / 以往限时活动攻略 / 10.28RAID「木系队伍」攻略集,63510,90731,10.28RAID「木系队伍」攻略集,进阶攻略
进阶攻略 / 以往限时活动攻略 / 9/9木系WB先前阵容,61540,87765,9/9木系WB先前阵容,进阶攻略
进阶攻略 / 以往限时活动攻略 / 9/9木WB攻略,61597,87897,9/9木WB攻略,进阶攻略
进阶攻略 / 以往限时活动攻略 / 8/26光RD罗刹队思路以及作业,60927,86967,8/26光RD罗刹队思路以及作业,进阶攻略
进阶攻略 / 以往限时活动攻略 / 8/26光R暗系队伍攻略集,60795,86798,8/26光R暗系队伍攻略集,进阶攻略
进阶攻略 / 以往限时活动攻略 / 8/26光R作业,60794,86797,8/26光R作业,进阶攻略
进阶攻略 / 以往限时活动攻略 / 7月1号丽莎作业,57081,81827,7月1号丽莎作业,进阶攻略
进阶攻略 / 以往限时活动攻略 / 7月15号WB攻略,57801,82364,7月15号WB攻略,进阶攻略
进阶攻略 / 以往限时活动攻略 / 6.17号火raid预攻略,55863,78278,6.17号火raid预攻略,进阶攻略
进阶攻略 / 以往限时活动攻略 / 火Rd作业,55997,80699,火Rd作业,进阶攻略
进阶攻略 / 以往限时活动攻略 / 28th斩车队伍推荐,54375,75908,28th斩车队伍推荐,进阶攻略
进阶攻略 / 以往限时活动攻略 / 四周年自选推荐,43848,59224,四周年自选推荐,进阶攻略
进阶攻略 / 以往限时活动攻略 / 2020.9火wb平民阵容,41068,52829,2020.9火wb平民阵容,进阶攻略
进阶攻略 / 以往限时活动攻略 / wb魅惑流阵容,41067,52785,wb魅惑流阵容,进阶攻略
进阶攻略 / 以往限时活动攻略 / wb火,41107,53102,wb火,进阶攻略
进阶攻略 / 以往限时活动攻略 / 水WB双加成单4X点火刀无人偶5.5E+,42533,57271,水WB双加成单4X点火刀无人偶5.5E+,进阶攻略
进阶攻略 / 以往限时活动攻略 / 鹿佬水raid攻略,41998,55110,鹿佬水raid攻略,进阶攻略
进阶攻略 / 以往限时活动攻略 / 水WB阵容搭配,42527,57128,水WB阵容搭配,进阶攻略
进阶攻略 / 以往限时活动攻略 / 水系Raid云阵容百科,41761,54253,水系Raid云阵容百科,进阶攻略
进阶攻略 / 以往限时活动攻略 / 水Raid无对策无安妮挂机斩车分享,41936,54611,水Raid无对策无安妮挂机斩车分享,进阶攻略
进阶攻略 / 以往限时活动攻略 / 暗raid攻略,44047,59569,暗raid攻略,进阶攻略
进阶攻略 / 以往限时活动攻略 / 11.5光系世界BOSS阵容图,44762,60199,11.5光系世界BOSS阵容图,进阶攻略
进阶攻略 / 以往限时活动攻略 / 光WB无雷芳平民阵容9.6E分享,44761,60411,光WB无雷芳平民阵容9.6E分享,进阶攻略
进阶攻略 / 以往限时活动攻略 / 鹿佬终极攻略,44808,60553,鹿佬终极攻略,进阶攻略
进阶攻略 / 以往限时活动攻略 / 11.22牛头鹿木Raid理解,45391,61560,11.22牛头鹿木Raid理解,进阶攻略
进阶攻略 / 以往限时活动攻略 / 11.19木Raid角色介绍,45155,61203,11.19木Raid角色介绍,进阶攻略
进阶攻略 / 以往限时活动攻略 / 木Raid无对策巨卡斩车实录,45366,61460,木Raid无对策巨卡斩车实录,进阶攻略
进阶攻略 / 以往限时活动攻略 / 翻牌H8作业双加成,45953,62561,翻牌H8作业双加成,进阶攻略
进阶攻略 / 以往限时活动攻略 / 新乱斗无伤过12,45956,62578,新乱斗无伤过12,进阶攻略
进阶攻略 / 以往限时活动攻略 / 新乱斗无拘束debuff角12胜,48759,66754,新乱斗无拘束debuff角12胜,进阶攻略
进阶攻略 / 以往限时活动攻略 / 火WB初试20E平民阵容分享,51264,71942,火WB初试20E平民阵容分享,进阶攻略
进阶攻略 / 以往限时活动攻略 / 暗Raid无对策斩车思路,54209,75662,暗Raid无对策斩车思路,进阶攻略
进阶攻略 / 以往限时活动攻略 / 暗Raid无对策光莫娜婚巴水罗刹斩车分享,54384,75931,暗Raid无对策光莫娜婚巴水罗刹斩车分享,进阶攻略
进阶攻略 / 以往限时活动攻略 / 火RB无对策单票4.6E+分享,55975,80633,火RB无对策单票4.6E+分享,进阶攻略
进阶攻略 / 以往限时活动攻略 / 【火WB云组队】低练度队伍分享,103997,154698,【火WB云组队】低练度队伍分享,进阶攻略
图鉴资料,39403,,图鉴资料,图鉴资料
图鉴资料 / 图鉴列表,39484,,图鉴列表,图鉴资料
图鉴资料 / 图鉴列表 / 全天子文字版,103292,154546,全天子文字版,图鉴资料
图鉴资料 / 图鉴列表 / 有用的3星4星,103995,154835,有用的3星4星,图鉴资料
图鉴资料 / 图鉴列表 / 天子定位图鉴,102820,153517,天子定位图鉴,图鉴资料
图鉴资料 / 图鉴列表 / 装备节奏榜,57104,80674,装备节奏榜,图鉴资料
图鉴资料 / 图鉴列表 / 魂卡筛查表,44976,60886,魂卡筛查表,图鉴资料
图鉴资料 / 图鉴列表 / 附魔图鉴,40042,50536,附魔图鉴,图鉴资料
图鉴资料 / 图鉴列表 / 彩附魔图鉴,109191,162581,彩附魔图鉴,图鉴资料
图鉴资料 / 图鉴列表 / BUFF图鉴,111167,165555,BUFF图鉴,图鉴资料
图鉴资料 / 图鉴列表 / Live2D游玩,118967,588263,Live2D游玩,图鉴资料
图鉴资料 / 同人美图/剧情,111166,,同人美图/剧情,图鉴资料
图鉴资料 / 同人美图/剧情 / DC美图欣赏,111123,165290,DC美图欣赏,图鉴资料
图鉴资料 / 同人美图/剧情 / 美术鉴赏,111203,165700,美术鉴赏,图鉴资料
图鉴资料 / 同人美图/剧情 / 点火树文字,111178,165592,点火树文字,图鉴资料
图鉴资料 / 美术鉴赏分流,111492,,美术鉴赏分流,图鉴资料
图鉴资料 / 美术鉴赏分流 / 氪金皮肤,111493,166804,氪金皮肤,图鉴资料
图鉴资料 / 美术鉴赏分流 / 氪金皮肤2,116102,581915,氪金皮肤2,图鉴资料
图鉴资料 / 美术鉴赏分流 / 活动皮肤,111497,166901,活动皮肤,图鉴资料
图鉴资料 / 美术鉴赏分流 / RD皮0,118061,,RD皮0,图鉴资料
图鉴资料 / 美术鉴赏分流 / RD皮肤,111494,166918,RD皮肤,图鉴资料
图鉴资料 / 美术鉴赏分流 / RD皮肤2,115895,581250,RD皮肤2,图鉴资料
图鉴资料 / 美术鉴赏分流 / RB皮肤,111495,,RB皮肤,图鉴资料
图鉴资料 / 美术鉴赏分流 / 皮肤塔,111496,,皮肤塔,图鉴资料
图鉴资料 / 美术鉴赏分流 / 氪金皮-泳装大队,111498,,氪金皮-泳装大队,图鉴资料
图鉴资料 / 美术鉴赏分流 / 新偶像队,111499,167151,新偶像队,图鉴资料
图鉴资料 / 美术鉴赏分流 / 常驻形象,111552,,常驻形象,图鉴资料
图鉴资料 / 美术鉴赏分流 / 美术八卦,114896,579248,美术八卦,图鉴资料
图鉴资料 / 玩偶：橙色传说,63571,,玩偶：橙色传说,图鉴资料
图鉴资料 / 玩偶：橙色传说 / 狗哥,103358,154676,狗哥,图鉴资料
图鉴资料 / 玩偶：橙色传说 / 嫦娥,63599,90857,嫦娥,图鉴资料
图鉴资料 / 玩偶：橙色传说 / 伊芙,63611,90880,伊芙,图鉴资料
图鉴资料 / 玩偶：橙色传说 / 木伞,103359,154677,木伞,图鉴资料
图鉴资料 / 玩偶：橙色传说 / 木炮,63601,90864,木炮,图鉴资料
图鉴资料 / 玩偶：橙色传说 / 猪王,63610,90879,猪王,图鉴资料
图鉴资料 / 玩偶：橙色传说 / 摩根,111742,167277,摩根,图鉴资料
图鉴资料 / 玩偶：橙色传说 / 万圣梅芙,63600,90858,万圣梅芙,图鉴资料
图鉴资料 / 玩偶：橙色传说 / 提箱,63609,90878,提箱,图鉴资料
图鉴资料 / 玩偶：橙色传说 / 狗姐,111743,167278,狗姐,图鉴资料
图鉴资料 / 玩偶：橙色传说 / 艳后,63608,90877,艳后,图鉴资料
图鉴资料 / 玩偶：橙色传说 / 复活奶,63591,90846,复活奶,图鉴资料
图鉴资料 / 玩偶：橙色传说 / 枪萝,122145,593001,枪萝,图鉴资料
图鉴资料 / 玩偶：橙色传说 / 美杜莎,63612,90881,美杜莎,图鉴资料
图鉴资料 / 玩偶：橙色传说 / 弗雷,63613,90882,弗雷,图鉴资料
图鉴资料 / 紫色史诗,63586,,紫色史诗,图鉴资料
图鉴资料 / 紫色史诗 / 排球,123324,595228,排球,图鉴资料
图鉴资料 / 紫色史诗 / 莎乐美,123325,595229,莎乐美,图鉴资料
图鉴资料 / 紫色史诗 / 机械丽莎,120148,589637,机械丽莎,图鉴资料
图鉴资料 / 紫色史诗 / 比利,120147,589638,比利,图鉴资料
图鉴资料 / 紫色史诗 / 水护士,117341,585202,水护士,图鉴资料
图鉴资料 / 紫色史诗 / 水达比,117340,585203,水达比,图鉴资料
图鉴资料 / 紫色史诗 / 海葵,111744,167279,海葵,图鉴资料
图鉴资料 / 紫色史诗 / 滑雪,111745,167280,滑雪,图鉴资料
图鉴资料 / 紫色史诗 / 土星,103364,154683,土星,图鉴资料
图鉴资料 / 紫色史诗 / 水皇冠,103368,154679,水皇冠,图鉴资料
图鉴资料 / 紫色史诗 / 巴里,63616,90889,巴里,图鉴资料
图鉴资料 / 紫色史诗 / 柳条,63615,90888,柳条,图鉴资料
图鉴资料 / 紫色史诗 / 沉默龙,63628,90901,沉默龙,图鉴资料
图鉴资料 / 紫色史诗 / 水老头,63934,91327,水老头,图鉴资料
图鉴资料 / 紫色史诗 / 小丑鱼,63928,91321,小丑鱼,图鉴资料
图鉴资料 / 紫色史诗 / 冰盾,63624,90897,冰盾,图鉴资料
图鉴资料 / 紫色史诗 / 水人鱼,63931,91324,水人鱼,图鉴资料
图鉴资料 / 紫色史诗 / 水炮,63944,91337,水炮,图鉴资料
图鉴资料 / 紫色史诗 / 相机,123326,595230,相机,图鉴资料
图鉴资料 / 紫色史诗 / 木丽莎,123327,595231,木丽莎,图鉴资料
图鉴资料 / 紫色史诗 / 木锤,121161,591304,木锤,图鉴资料
图鉴资料 / 紫色史诗 / 南瓜头,121160,591305,南瓜头,图鉴资料
图鉴资料 / 紫色史诗 / 木娥,118394,587018,木娥,图鉴资料
图鉴资料 / 紫色史诗 / 黑猫,118395,587019,黑猫,图鉴资料
图鉴资料 / 紫色史诗 / 大木奶,111746,167281,大木奶,图鉴资料
图鉴资料 / 紫色史诗 / 羊妹,111747,167282,羊妹,图鉴资料
图鉴资料 / 紫色史诗 / 圣诞妮可,103360,154688,圣诞妮可,图鉴资料
图鉴资料 / 紫色史诗 / 毒木枪,103367,154680,毒木枪,图鉴资料
图鉴资料 / 紫色史诗 / 旧圣诞妹,63620,90893,旧圣诞妹,图鉴资料
图鉴资料 / 紫色史诗 / 木仓鼠,63622,90895,木仓鼠,图鉴资料
图鉴资料 / 紫色史诗 / 木奶,63933,91326,木奶,图鉴资料
图鉴资料 / 紫色史诗 / 木基佬,63626,90899,木基佬,图鉴资料
图鉴资料 / 紫色史诗 / 木高达,63629,90902,木高达,图鉴资料
图鉴资料 / 紫色史诗 / 木背包,63930,91323,木背包,图鉴资料
图鉴资料 / 紫色史诗 / 木琴,63935,91328,木琴,图鉴资料
图鉴资料 / 紫色史诗 / 美国妹,63942,91335,美国妹,图鉴资料
图鉴资料 / 紫色史诗 / 火仓鼠,120146,589639,火仓鼠,图鉴资料
图鉴资料 / 紫色史诗 / 火教皇,120145,589640,火教皇,图鉴资料
图鉴资料 / 紫色史诗 / 火弓,118396,587021,火弓,图鉴资料
图鉴资料 / 紫色史诗 / 圣诞勒达,118397,587023,圣诞勒达,图鉴资料
图鉴资料 / 紫色史诗 / 管家,111748,167283,管家,图鉴资料
图鉴资料 / 紫色史诗 / 潜水莫娜,111749,167284,潜水莫娜,图鉴资料
图鉴资料 / 紫色史诗 / 刀妹,103365,154682,刀妹,图鉴资料
图鉴资料 / 紫色史诗 / 火狗,103369,154678,火狗,图鉴资料
图鉴资料 / 紫色史诗 / 火护士,63614,90887,火护士,图鉴资料
图鉴资料 / 紫色史诗 / 火兔子,63617,90890,火兔子,图鉴资料
图鉴资料 / 紫色史诗 / 南瓜梅芙,63621,90894,南瓜梅芙,图鉴资料
图鉴资料 / 紫色史诗 / 哈迪斯,63630,90903,哈迪斯,图鉴资料
图鉴资料 / 紫色史诗 / 火奶,63923,91316,火奶,图鉴资料
图鉴资料 / 紫色史诗 / 泡泡枪,63927,91320,泡泡枪,图鉴资料
图鉴资料 / 紫色史诗 / 火呆毛,63939,91332,火呆毛,图鉴资料
图鉴资料 / 紫色史诗 / 熊妹,63943,91336,熊妹,图鉴资料
图鉴资料 / 紫色史诗 / 光莫娜,122146,593003,光莫娜,图鉴资料
图鉴资料 / 紫色史诗 / 法老,122147,593004,法老,图鉴资料
图鉴资料 / 紫色史诗 / 糖猫,117339,585204,糖猫,图鉴资料
图鉴资料 / 紫色史诗 / 铃铛,117342,585205,铃铛,图鉴资料
图鉴资料 / 紫色史诗 / 普巴,111750,167285,普巴,图鉴资料
图鉴资料 / 紫色史诗 / 光琴,111751,167286,光琴,图鉴资料
图鉴资料 / 紫色史诗 / 金星,103361,154687,金星,图鉴资料
图鉴资料 / 紫色史诗 / 海王星,103363,154684,海王星,图鉴资料
图鉴资料 / 紫色史诗 / 光阿三,63619,90892,光阿三,图鉴资料
图鉴资料 / 紫色史诗 / 光女警,63623,90896,光女警,图鉴资料
图鉴资料 / 紫色史诗 / 光魔方,63627,90900,光魔方,图鉴资料
图鉴资料 / 紫色史诗 / 教皇,63924,91317,教皇,图鉴资料
图鉴资料 / 紫色史诗 / 埃及猫,63932,91325,埃及猫,图鉴资料
图鉴资料 / 紫色史诗 / 光白切鸡,63631,90904,光白切鸡,图鉴资料
图鉴资料 / 紫色史诗 / 罗刹,63936,91329,罗刹,图鉴资料
图鉴资料 / 紫色史诗 / 亚里亚,63940,91333,亚里亚,图鉴资料
图鉴资料 / 紫色史诗 / 暗罗汉,122149,593005,暗罗汉,图鉴资料
图鉴资料 / 紫色史诗 / 老太婆,122148,593006,老太婆,图鉴资料
图鉴资料 / 紫色史诗 / 复活刀,121162,591306,复活刀,图鉴资料
图鉴资料 / 紫色史诗 / 暗鸟,121163,591307,暗鸟,图鉴资料
图鉴资料 / 紫色史诗 / 呼啦圈,111770,167392,呼啦圈,图鉴资料
图鉴资料 / 紫色史诗 / 凯布利,111752,167287,凯布利,图鉴资料
图鉴资料 / 紫色史诗 / 火星,103362,154685,火星,图鉴资料
图鉴资料 / 紫色史诗 / 蛇萝,103366,154681,蛇萝,图鉴资料
图鉴资料 / 紫色史诗 / 独眼,63618,90891,独眼,图鉴资料
图鉴资料 / 紫色史诗 / 暗月月,63625,90898,暗月月,图鉴资料
图鉴资料 / 紫色史诗 / 暗基佬,63925,91318,暗基佬,图鉴资料
"图鉴资料 / 紫色史诗 / A,I",63926,91319,"A,I",图鉴资料
图鉴资料 / 紫色史诗 / 人妻,63929,91322,人妻,图鉴资料
图鉴资料 / 紫色史诗 / 老板娘,63937,91330,老板娘,图鉴资料
图鉴资料 / 紫色史诗 / 暗奶,63938,91331,暗奶,图鉴资料
图鉴资料 / 紫色史诗 / 泡面,63941,91334,泡面,图鉴资料
图鉴资料 / 蓝色稀有,63579,,蓝色稀有,图鉴资料
图鉴资料 / 蓝色稀有 / 水环形炮,63690,91040,水环形炮,图鉴资料
图鉴资料 / 蓝色稀有 / 水奶猫,63692,91042,水奶猫,图鉴资料
图鉴资料 / 蓝色稀有 / 水扑克,63700,91050,水扑克,图鉴资料
图鉴资料 / 蓝色稀有 / 水酒杯,63703,91053,水酒杯,图鉴资料
图鉴资料 / 蓝色稀有 / 水恶魔,63709,91059,水恶魔,图鉴资料
图鉴资料 / 蓝色稀有 / 水泳圈,63713,91063,水泳圈,图鉴资料
图鉴资料 / 蓝色稀有 / 水AI,63716,91066,水AI,图鉴资料
图鉴资料 / 蓝色稀有 / 水警察,63717,91067,水警察,图鉴资料
图鉴资料 / 蓝色稀有 / 水魔法师,63722,91072,水魔法师,图鉴资料
图鉴资料 / 蓝色稀有 / 水大提琴,63723,91073,水大提琴,图鉴资料
图鉴资料 / 蓝色稀有 / 水翻车鱼,63727,91077,水翻车鱼,图鉴资料
图鉴资料 / 蓝色稀有 / 水扫地,63729,91079,水扫地,图鉴资料
图鉴资料 / 蓝色稀有 / 水游戏机,63742,91095,水游戏机,图鉴资料
图鉴资料 / 蓝色稀有 / 木圣诞鹿,63681,91030,木圣诞鹿,图鉴资料
图鉴资料 / 蓝色稀有 / 木狗头死神,63683,91032,木狗头死神,图鉴资料
图鉴资料 / 蓝色稀有 / 木击剑,63684,91034,木击剑,图鉴资料
图鉴资料 / 蓝色稀有 / 木伪娘,63685,91035,木伪娘,图鉴资料
图鉴资料 / 蓝色稀有 / 木白鸡,63694,91044,木白鸡,图鉴资料
图鉴资料 / 蓝色稀有 / 木拳击,63708,91058,木拳击,图鉴资料
图鉴资料 / 蓝色稀有 / 木弓箭,63718,91068,木弓箭,图鉴资料
图鉴资料 / 蓝色稀有 / 木吉他,63720,91070,木吉他,图鉴资料
图鉴资料 / 蓝色稀有 / 木野花,63721,91071,木野花,图鉴资料
图鉴资料 / 蓝色稀有 / 木厨娘,63730,91080,木厨娘,图鉴资料
图鉴资料 / 蓝色稀有 / 木向日葵,63733,91083,木向日葵,图鉴资料
图鉴资料 / 蓝色稀有 / 木刺客,63734,91084,木刺客,图鉴资料
图鉴资料 / 蓝色稀有 / 木婚纱,63739,91092,木婚纱,图鉴资料
图鉴资料 / 蓝色稀有 / 木玩偶,63744,91097,木玩偶,图鉴资料
图鉴资料 / 蓝色稀有 / 火圣诞老人,63682,91031,火圣诞老人,图鉴资料
图鉴资料 / 蓝色稀有 / 火花环,63693,91043,火花环,图鉴资料
图鉴资料 / 蓝色稀有 / 火圣诞帽,63695,91045,火圣诞帽,图鉴资料
图鉴资料 / 蓝色稀有 / 火金币,63696,91046,火金币,图鉴资料
图鉴资料 / 蓝色稀有 / 火尤娜,63702,91052,火尤娜,图鉴资料
图鉴资料 / 蓝色稀有 / 火男人,63706,91056,火男人,图鉴资料
图鉴资料 / 蓝色稀有 / 火束缚,63710,91060,火束缚,图鉴资料
图鉴资料 / 蓝色稀有 / 火架子鼓,63714,91064,火架子鼓,图鉴资料
图鉴资料 / 蓝色稀有 / 火大炮,63725,91075,火大炮,图鉴资料
图鉴资料 / 蓝色稀有 / 火拔刀,63728,91078,火拔刀,图鉴资料
图鉴资料 / 蓝色稀有 / 火情书,63732,91082,火情书,图鉴资料
图鉴资料 / 蓝色稀有 / 火魔术师,63743,91096,火魔术师,图鉴资料
图鉴资料 / 蓝色稀有 / 火机枪,63746,91099,火机枪,图鉴资料
图鉴资料 / 蓝色稀有 / 光埃及猫,63688,91038,光埃及猫,图鉴资料
图鉴资料 / 蓝色稀有 / 光斯巴达,63691,91041,光斯巴达,图鉴资料
图鉴资料 / 蓝色稀有 / 光魔法帽,63697,91047,光魔法帽,图鉴资料
图鉴资料 / 蓝色稀有 / 光盾,63701,91051,光盾,图鉴资料
图鉴资料 / 蓝色稀有 / 光天使,63705,91055,光天使,图鉴资料
图鉴资料 / 蓝色稀有 / 光霰弹,63712,91062,光霰弹,图鉴资料
图鉴资料 / 蓝色稀有 / 光束缚,63715,91065,光束缚,图鉴资料
图鉴资料 / 蓝色稀有 / 光鲜花,63719,91069,光鲜花,图鉴资料
图鉴资料 / 蓝色稀有 / 光飞刀,63726,91076,光飞刀,图鉴资料
图鉴资料 / 蓝色稀有 / 光玫瑰,63731,91081,光玫瑰,图鉴资料
图鉴资料 / 蓝色稀有 / 光侦探,63738,91091,光侦探,图鉴资料
图鉴资料 / 蓝色稀有 / 光勒达,63740,91093,光勒达,图鉴资料
图鉴资料 / 蓝色稀有 / 光欧若拉,63741,91094,光欧若拉,图鉴资料
图鉴资料 / 蓝色稀有 / 光大剑,63747,91100,光大剑,图鉴资料
图鉴资料 / 蓝色稀有 / 暗梦游,63687,91037,暗梦游,图鉴资料
图鉴资料 / 蓝色稀有 / 暗机枪,63686,91036,暗机枪,图鉴资料
图鉴资料 / 蓝色稀有 / 暗吸血鬼,63689,91039,暗吸血鬼,图鉴资料
图鉴资料 / 蓝色稀有 / 暗烟枪,63698,91048,暗烟枪,图鉴资料
图鉴资料 / 蓝色稀有 / 暗狮子,63699,91049,暗狮子,图鉴资料
图鉴资料 / 蓝色稀有 / 小丑,63704,91054,小丑,图鉴资料
图鉴资料 / 蓝色稀有 / 暗口罩,63707,91057,暗口罩,图鉴资料
图鉴资料 / 蓝色稀有 / 暗断头台,63711,91061,暗断头台,图鉴资料
图鉴资料 / 蓝色稀有 / 暗吉他,63724,91074,暗吉他,图鉴资料
图鉴资料 / 蓝色稀有 / 暗魔女,63735,91085,暗魔女,图鉴资料
图鉴资料 / 蓝色稀有 / 暗女仆,63736,91089,暗女仆,图鉴资料
图鉴资料 / 蓝色稀有 / 暗跳窗,63737,91090,暗跳窗,图鉴资料
图鉴资料 / 蓝色稀有 / 暗提裙,63745,91098,暗提裙,图鉴资料
图鉴资料 / 绿色罕见,63585,,绿色罕见,图鉴资料
图鉴资料 / 绿色罕见 / 麻花辫,63762,91134,麻花辫,图鉴资料
图鉴资料 / 绿色罕见 / 双马尾,63764,91136,双马尾,图鉴资料
图鉴资料 / 绿色罕见 / 丸子头,63766,91138,丸子头,图鉴资料
图鉴资料 / 绿色罕见 / 魔童,63769,91141,魔童,图鉴资料
图鉴资料 / 绿色罕见 / 黑卡蒂,63773,91145,黑卡蒂,图鉴资料
图鉴资料 / 绿色罕见 / 扩音器,63783,91156,扩音器,图鉴资料
图鉴资料 / 绿色罕见 / 汤勺妹,63788,91161,汤勺妹,图鉴资料
图鉴资料 / 绿色罕见 / 圣女贞德,63792,91165,圣女贞德,图鉴资料
图鉴资料 / 绿色罕见 / 潜泳妹,63796,91169,潜泳妹,图鉴资料
图鉴资料 / 绿色罕见 / 发夹,63797,91170,发夹,图鉴资料
图鉴资料 / 绿色罕见 / 3星水护士,63804,91177,3星水护士,图鉴资料
图鉴资料 / 绿色罕见 / 水主丽莎,63807,91180,水主丽莎,图鉴资料
图鉴资料 / 绿色罕见 / 网球妹,63760,91132,网球妹,图鉴资料
图鉴资料 / 绿色罕见 / 草精灵,63768,91140,草精灵,图鉴资料
图鉴资料 / 绿色罕见 / 向日葵,63785,91158,向日葵,图鉴资料
图鉴资料 / 绿色罕见 / 三星木基佬,63789,91162,三星木基佬,图鉴资料
图鉴资料 / 绿色罕见 / 修理工,63791,91164,修理工,图鉴资料
图鉴资料 / 绿色罕见 / 鲜花妹,63798,91171,鲜花妹,图鉴资料
图鉴资料 / 绿色罕见 / 猫娘,63800,91173,猫娘,图鉴资料
图鉴资料 / 绿色罕见 / 太妹,63802,91175,太妹,图鉴资料
图鉴资料 / 绿色罕见 / 甲胄妹,63761,91133,甲胄妹,图鉴资料
图鉴资料 / 绿色罕见 / 小魔龙,63770,91142,小魔龙,图鉴资料
图鉴资料 / 绿色罕见 / 黑老大,63771,91143,黑老大,图鉴资料
图鉴资料 / 绿色罕见 / 火盾,63774,91146,火盾,图鉴资料
图鉴资料 / 绿色罕见 / 火拳,63775,91147,火拳,图鉴资料
图鉴资料 / 绿色罕见 / 黑皮,63776,91148,黑皮,图鉴资料
图鉴资料 / 绿色罕见 / 魔女,63778,91150,魔女,图鉴资料
图鉴资料 / 绿色罕见 / 发带,63779,91151,发带,图鉴资料
图鉴资料 / 绿色罕见 / 女格斗,63787,91160,女格斗,图鉴资料
图鉴资料 / 绿色罕见 / 三星火兔子,63795,91168,三星火兔子,图鉴资料
图鉴资料 / 绿色罕见 / 3星火护士,63805,91178,3星火护士,图鉴资料
图鉴资料 / 绿色罕见 / 达比,63806,91179,达比,图鉴资料
图鉴资料 / 绿色罕见 / 埃及女仆,63757,91129,埃及女仆,图鉴资料
图鉴资料 / 绿色罕见 / 光蝴蝶,63759,91131,光蝴蝶,图鉴资料
图鉴资料 / 绿色罕见 / 齐刘海,63765,91137,齐刘海,图鉴资料
图鉴资料 / 绿色罕见 / 太刀妹,63772,91144,太刀妹,图鉴资料
图鉴资料 / 绿色罕见 / 马猴烧酒,63782,91155,马猴烧酒,图鉴资料
图鉴资料 / 绿色罕见 / 圣枪修女,63790,91163,圣枪修女,图鉴资料
图鉴资料 / 绿色罕见 / 祭师,63794,91167,祭师,图鉴资料
图鉴资料 / 绿色罕见 / 旺财,63803,91176,旺财,图鉴资料
图鉴资料 / 绿色罕见 / 诗蔻蒂,63758,91130,诗蔻蒂,图鉴资料
图鉴资料 / 绿色罕见 / 苹果姐,63763,91135,苹果姐,图鉴资料
图鉴资料 / 绿色罕见 / 铁甲面,63767,91139,铁甲面,图鉴资料
图鉴资料 / 绿色罕见 / 面罩,63777,91149,面罩,图鉴资料
图鉴资料 / 绿色罕见 / 女武神,63780,91152,女武神,图鉴资料
图鉴资料 / 绿色罕见 / 莫扎特,63781,91154,莫扎特,图鉴资料
图鉴资料 / 绿色罕见 / 暗提灯,63784,91157,暗提灯,图鉴资料
图鉴资料 / 绿色罕见 / 傀儡师,63786,91159,傀儡师,图鉴资料
图鉴资料 / 绿色罕见 / 女忍,63793,91166,女忍,图鉴资料
图鉴资料 / 绿色罕见 / 女仆妹,63799,91172,女仆妹,图鉴资料
图鉴资料 / 绿色罕见 / 怪盗,63801,91174,怪盗,图鉴资料
图鉴资料 / 绿色罕见 / 莫娜,63808,91181,莫娜,图鉴资料
图鉴资料 / 白色普通,63587,,白色普通,图鉴资料
图鉴资料 / 白色普通 /  水胖,63642,90951, 水胖,图鉴资料
图鉴资料 / 白色普通 /  水滴,63647,90956, 水滴,图鉴资料
图鉴资料 / 白色普通 /  水气球,63652,90961, 水气球,图鉴资料
图鉴资料 / 白色普通 /  水大眼,63657,90966, 水大眼,图鉴资料
图鉴资料 / 白色普通 /  水喇叭,63664,90973, 水喇叭,图鉴资料
图鉴资料 / 白色普通 /  水恶魔,63674,90983, 水恶魔,图鉴资料
图鉴资料 / 白色普通 /  木水滴,63645,90954, 木水滴,图鉴资料
图鉴资料 / 白色普通 /  木气球,63650,90959, 木气球,图鉴资料
图鉴资料 / 白色普通 /  木大眼,63655,90964, 木大眼,图鉴资料
图鉴资料 / 白色普通 /  毛球,63658,90967, 毛球,图鉴资料
图鉴资料 / 白色普通 /  木螳螂,63663,90972, 木螳螂,图鉴资料
图鉴资料 / 白色普通 /  木混混,63666,90975, 木混混,图鉴资料
图鉴资料 / 白色普通 /  木针筒,63667,90976, 木针筒,图鉴资料
图鉴资料 / 白色普通 /  木地龙,63669,90978, 木地龙,图鉴资料
图鉴资料 / 白色普通 /  火水滴,63646,90955, 火水滴,图鉴资料
图鉴资料 / 白色普通 /  火气球,63651,90960, 火气球,图鉴资料
图鉴资料 / 白色普通 /  火大眼,63656,90965, 火大眼,图鉴资料
图鉴资料 / 白色普通 /  小宝箱,63660,90969, 小宝箱,图鉴资料
图鉴资料 / 白色普通 /  兜帽兔,63661,90970, 兜帽兔,图鉴资料
图鉴资料 / 白色普通 /  火机枪,63668,90977, 火机枪,图鉴资料
图鉴资料 / 白色普通 /  火恶魔,63675,90984, 火恶魔,图鉴资料
图鉴资料 / 白色普通 /  光水滴,63644,90953, 光水滴,图鉴资料
图鉴资料 / 白色普通 /  光气球,63649,90958, 光气球,图鉴资料
图鉴资料 / 白色普通 /  光大眼,63654,90963, 光大眼,图鉴资料
图鉴资料 / 白色普通 /  光宝箱,63659,90968, 光宝箱,图鉴资料
图鉴资料 / 白色普通 /  木桶兔,63662,90971, 木桶兔,图鉴资料
图鉴资料 / 白色普通 /  光喇叭,63665,90974, 光喇叭,图鉴资料
图鉴资料 / 白色普通 /  光熊,63671,90980, 光熊,图鉴资料
图鉴资料 / 白色普通 / 棉花熊,63673,90982,棉花熊,图鉴资料
图鉴资料 / 白色普通 / 暗大嘴,63641,90950,暗大嘴,图鉴资料
图鉴资料 / 白色普通 /  暗水滴,63643,90952, 暗水滴,图鉴资料
图鉴资料 / 白色普通 /  暗气球,63648,90957, 暗气球,图鉴资料
图鉴资料 / 白色普通 /  暗大眼,63653,90962, 暗大眼,图鉴资料
图鉴资料 / 白色普通 /  暗死神,63670,90979, 暗死神,图鉴资料
图鉴资料 / 白色普通 /  暗无眼,63672,90981, 暗无眼,图鉴资料
图鉴资料 / 五星光  ,39885,,五星光  ,图鉴资料
图鉴资料 / 五星光   / 中二,122142,592998,中二,图鉴资料
图鉴资料 / 五星光   / 奶光,117216,584504,奶光,图鉴资料
图鉴资料 / 五星光   / 摩根,116095,581879,摩根,图鉴资料
图鉴资料 / 五星光   / 光呼啦圈,113871,577401,光呼啦圈,图鉴资料
图鉴资料 / 五星光   / 电话妖,113095,170964,电话妖,图鉴资料
图鉴资料 / 五星光   / 毛妹,112199,168724,毛妹,图鉴资料
图鉴资料 / 五星光   / 妹妹头,108592,162130,妹妹头,图鉴资料
图鉴资料 / 五星光   / 电椅,104982,156758,电椅,图鉴资料
图鉴资料 / 五星光   / 奥拉夫,102529,152964,奥拉夫,图鉴资料
图鉴资料 / 五星光   / 光剑,101423,151950,光剑,图鉴资料
图鉴资料 / 五星光   / VVA,68867,96766,VVA,图鉴资料
图鉴资料 / 五星光   / 十字弓,65109,92659,十字弓,图鉴资料
图鉴资料 / 五星光   / 圣女,60690,86642,圣女,图鉴资料
图鉴资料 / 五星光   / 亚马逊,57777,82884,亚马逊,图鉴资料
图鉴资料 / 五星光   / 光豹子,56772,81660,光豹子,图鉴资料
图鉴资料 / 五星光   / 巴里,55263,77377,巴里,图鉴资料
图鉴资料 / 五星光   / 金毛,54726,76464,金毛,图鉴资料
图鉴资料 / 五星光   / 光相机,53933,75328,光相机,图鉴资料
图鉴资料 / 五星光   / 光击剑,50162,70436,光击剑,图鉴资料
图鉴资料 / 五星光   / 花篮,49613,69383,花篮,图鉴资料
图鉴资料 / 五星光   / 洛基,49217,68063,洛基,图鉴资料
图鉴资料 / 五星光   / 土星,47897,65297,土星,图鉴资料
图鉴资料 / 五星光   / 新亚里亚,47898,65298,新亚里亚,图鉴资料
图鉴资料 / 五星光   / 大白,44583,60196,大白,图鉴资料
图鉴资料 / 五星光   / 帕拉丁,43262,58471,帕拉丁,图鉴资料
图鉴资料 / 五星光   / 岛主,40027,50511,岛主,图鉴资料
图鉴资料 / 五星光   / 土星,40025,50509,土星,图鉴资料
图鉴资料 / 五星光   / 猫头鹰,39940,50435,猫头鹰,图鉴资料
图鉴资料 / 五星光   / 大帽子,40020,50504,大帽子,图鉴资料
图鉴资料 / 五星光   / 光鸟,40024,50508,光鸟,图鉴资料
图鉴资料 / 五星光   / 雅典娜,40039,50523,雅典娜,图鉴资料
图鉴资料 / 五星光   / 塞特,40022,50506,塞特,图鉴资料
图鉴资料 / 五星光   / 光胖次,40023,50507,光胖次,图鉴资料
图鉴资料 / 五星光   / 屎王,40030,50514,屎王,图鉴资料
图鉴资料 / 五星光   / 光月月,39939,50434,光月月,图鉴资料
图鉴资料 / 五星光   / 光琴,40036,50520,光琴,图鉴资料
图鉴资料 / 五星光   / 乱斗娘,40033,50517,乱斗娘,图鉴资料
图鉴资料 / 五星光   / 光莫娜,40003,50476,光莫娜,图鉴资料
图鉴资料 / 五星光   / 光铃铛,40040,50524,光铃铛,图鉴资料
图鉴资料 / 五星光   / 婚巴,40013,50496,婚巴,图鉴资料
图鉴资料 / 五星光   / 花奶,40014,50497,花奶,图鉴资料
图鉴资料 / 五星光   / 狗姐,40021,50505,狗姐,图鉴资料
图鉴资料 / 五星光   / 夏尔,40038,50522,夏尔,图鉴资料
图鉴资料 / 五星光   / 糖猫,40037,50521,糖猫,图鉴资料
图鉴资料 / 五星光   / 法老,40028,50512,法老,图鉴资料
图鉴资料 / 五星光   / 金星,40012,50495,金星,图鉴资料
图鉴资料 / 五星光   / 海王星,40035,50519,海王星,图鉴资料
图鉴资料 / 五星光   / 普巴,40005,50479,普巴,图鉴资料
图鉴资料 / 五星光   / 露娜,40032,50516,露娜,图鉴资料
图鉴资料 / 五星光   / 艳后,39641,50110,艳后,图鉴资料
图鉴资料 / 五星光   / 阿三,39782,50289,阿三,图鉴资料
图鉴资料 / 五星光   / 光裙,39639,50108,光裙,图鉴资料
图鉴资料 / 五星光   / 罗刹,39766,50266,罗刹,图鉴资料
图鉴资料 / 五星光   / 教皇,39608,50076,教皇,图鉴资料
图鉴资料 / 五星光   / 女警,39604,50068,女警,图鉴资料
图鉴资料 / 五星光   / 复活奶,39560,50027,复活奶,图鉴资料
图鉴资料 / 五星光   / 光魔方,39538,50022,光魔方,图鉴资料
图鉴资料 / 五星光   / 埃及猫,39534,50011,埃及猫,图鉴资料
图鉴资料 / 五星光   / 亚里亚,39529,50006,亚里亚,图鉴资料
图鉴资料 / 五星光   / 白斩鸡,39502,49975,白斩鸡,图鉴资料
图鉴资料 / 五星暗,39881,,五星暗,图鉴资料
图鉴资料 / 五星暗 / 暗提琴,122143,592999,暗提琴,图鉴资料
图鉴资料 / 五星暗 / 小丑兔,121100,591177,小丑兔,图鉴资料
图鉴资料 / 五星暗 / 暗罗汉,116094,581881,暗罗汉,图鉴资料
图鉴资料 / 五星暗 / 娜迦,116093,581880,娜迦,图鉴资料
图鉴资料 / 五星暗 / 乌鸦,115088,579761,乌鸦,图鉴资料
图鉴资料 / 五星暗 / 暗护士,113096,170965,暗护士,图鉴资料
图鉴资料 / 五星暗 / 机枪,111534,166777,机枪,图鉴资料
图鉴资料 / 五星暗 / 鸡尾酒,104983,156759,鸡尾酒,图鉴资料
图鉴资料 / 五星暗 / 死神,103984,155235,死神,图鉴资料
图鉴资料 / 五星暗 / 萨尼,65108,92658,萨尼,图鉴资料
图鉴资料 / 五星暗 / 雅美 ,64388,91787,雅美 ,图鉴资料
图鉴资料 / 五星暗 / 小钢炮,62519,89346,小钢炮,图鉴资料
图鉴资料 / 五星暗 / 棒球,60691,86643,棒球,图鉴资料
图鉴资料 / 五星暗 / 暗伞,59867,85357,暗伞,图鉴资料
图鉴资料 / 五星暗 / 福尔基斯,57778,82885,福尔基斯,图鉴资料
图鉴资料 / 五星暗 / 暗豹子,56771,81659,暗豹子,图鉴资料
图鉴资料 / 五星暗 / 对魔忍,55264,77378,对魔忍,图鉴资料
图鉴资料 / 五星暗 / 暗塞特,53932,75327,暗塞特,图鉴资料
图鉴资料 / 五星暗 / 暗精灵,52488,73733,暗精灵,图鉴资料
图鉴资料 / 五星暗 / 暗伊芙,49218,68064,暗伊芙,图鉴资料
图鉴资料 / 五星暗 / 新玛斯,47899,65299,新玛斯,图鉴资料
图鉴资料 / 五星暗 / 苹果妹,46838,63866,苹果妹,图鉴资料
图鉴资料 / 五星暗 / 暗丽莎,45925,62476,暗丽莎,图鉴资料
图鉴资料 / 五星暗 / 哪吒,44584,60198,哪吒,图鉴资料
图鉴资料 / 五星暗 / 铁匠,43263,58472,铁匠,图鉴资料
图鉴资料 / 五星暗 / 兔女郎,40019,50502,兔女郎,图鉴资料
图鉴资料 / 五星暗 / 赛车,40018,50501,赛车,图鉴资料
图鉴资料 / 五星暗 / 乳贴,40011,50491,乳贴,图鉴资料
图鉴资料 / 五星暗 / 毒奶,40010,50490,毒奶,图鉴资料
图鉴资料 / 五星暗 / 天鹅,40017,50500,天鹅,图鉴资料
图鉴资料 / 五星暗 / 鲁邦,40009,50489,鲁邦,图鉴资料
图鉴资料 / 五星暗 / 阿罗汉,40016,50499,阿罗汉,图鉴资料
图鉴资料 / 五星暗 / 帕拉斯,40015,50498,帕拉斯,图鉴资料
图鉴资料 / 五星暗 / 提裙,40008,50488,提裙,图鉴资料
图鉴资料 / 五星暗 / 呼啦圈,40007,50487,呼啦圈,图鉴资料
图鉴资料 / 五星暗 / 骷髅姐,40006,50486,骷髅姐,图鉴资料
图鉴资料 / 五星暗 / 枪萝,40001,50475,枪萝,图鉴资料
图鉴资料 / 五星暗 / 母女丼,40000,50474,母女丼,图鉴资料
图鉴资料 / 五星暗 / 暗达菲,39999,50473,暗达菲,图鉴资料
图鉴资料 / 五星暗 / 老太婆,39998,50472,老太婆,图鉴资料
图鉴资料 / 五星暗 / 复活刀,39997,50471,复活刀,图鉴资料
图鉴资料 / 五星暗 / 暗鸟,39996,50470,暗鸟,图鉴资料
图鉴资料 / 五星暗 / 玛斯,39995,50469,玛斯,图鉴资料
图鉴资料 / 五星暗 / 蛇萝,39994,50468,蛇萝,图鉴资料
图鉴资料 / 五星暗 / 凯布里,39646,50115,凯布里,图鉴资料
图鉴资料 / 五星暗 / 琪修卡,39645,50114,琪修卡,图鉴资料
图鉴资料 / 五星暗 / 独眼,39993,50467,独眼,图鉴资料
图鉴资料 / 五星暗 / 美杜莎,39786,50299,美杜莎,图鉴资料
图鉴资料 / 五星暗 / 暗月月,39775,50281,暗月月,图鉴资料
图鉴资料 / 五星暗 / 老板娘,39625,50092,老板娘,图鉴资料
图鉴资料 / 五星暗 / 屁孩,39624,50089,屁孩,图鉴资料
图鉴资料 / 五星暗 / 暗奶,39605,50070,暗奶,图鉴资料
图鉴资料 / 五星暗 / 人妻,39535,50014,人妻,图鉴资料
图鉴资料 / 五星暗 / 雷德,39527,50004,雷德,图鉴资料
图鉴资料 / 五星暗 / A.I,39526,50003,A.I,图鉴资料
图鉴资料 / 五星暗 / 泡面,39515,49989,泡面,图鉴资料
图鉴资料 /   五星火  ,39882,,  五星火  ,图鉴资料
图鉴资料 /   五星火   / 火花环,120143,589552,火花环,图鉴资料
图鉴资料 /   五星火   / 火蝴蝶,118248,586601,火蝴蝶,图鉴资料
图鉴资料 /   五星火   / 小圆,116096,581882,小圆,图鉴资料
图鉴资料 /   五星火   / 奈德,115089,579762,奈德,图鉴资料
图鉴资料 /   五星火   / 凤凰男,112200,168726,凤凰男,图鉴资料
图鉴资料 /   五星火   / 索尔,112201,168725,索尔,图鉴资料
图鉴资料 /   五星火   / 仙姑,111533,166776,仙姑,图鉴资料
图鉴资料 /   五星火   / 宝箱娘,106658,159494,宝箱娘,图鉴资料
图鉴资料 /   五星火   / jojo,104984,156760,jojo,图鉴资料
图鉴资料 /   五星火   / 粉毛,100879,151155,粉毛,图鉴资料
图鉴资料 /   五星火   / 狐狸,68685,96268,狐狸,图鉴资料
图鉴资料 /   五星火   / 假达比,66321,93902,假达比,图鉴资料
图鉴资料 /   五星火   / 红莲,62878,89802,红莲,图鉴资料
图鉴资料 /   五星火   / 地狱犬,61538,87911,地狱犬,图鉴资料
图鉴资料 /   五星火   / 烟鬼,58803,83946,烟鬼,图鉴资料
图鉴资料 /   五星火   / 老八,55846,78333,老八,图鉴资料
图鉴资料 /   五星火   / 金刚狼,52487,73732,金刚狼,图鉴资料
图鉴资料 /   五星火   / 对眼,51208,71707,对眼,图鉴资料
图鉴资料 /   五星火   / 火击剑,50161,70435,火击剑,图鉴资料
图鉴资料 /   五星火   / 火花篮,49612,69382,火花篮,图鉴资料
图鉴资料 /   五星火   / 火千叶,49219,68065,火千叶,图鉴资料
图鉴资料 /   五星火   / 蛇杖,46836,63862,蛇杖,图鉴资料
图鉴资料 /   五星火   / 圣剑,45149,61210,圣剑,图鉴资料
图鉴资料 /   五星火   / 雷芳,42509,57180,雷芳,图鉴资料
图鉴资料 /   五星火   / 黑皮奶,40935,52620,黑皮奶,图鉴资料
图鉴资料 /   五星火   / 花剑,40077,50567,花剑,图鉴资料
图鉴资料 /   五星火   / 吕布,40083,50573,吕布,图鉴资料
图鉴资料 /   五星火   / 火相机,40094,50591,火相机,图鉴资料
图鉴资料 /   五星火   / 乐达,40114,50631,乐达,图鉴资料
图鉴资料 /   五星火   / 千叶,40306,50856,千叶,图鉴资料
图鉴资料 /   五星火   / 火槌奶,40305,50855,火槌奶,图鉴资料
图鉴资料 /   五星火   / 火凯,40145,50679,火凯,图鉴资料
图鉴资料 /   五星火   / 魔龙,40144,50678,魔龙,图鉴资料
图鉴资料 /   五星火   / 九尾,40143,50677,九尾,图鉴资料
图鉴资料 /   五星火   / 剪刀妹,40142,50676,剪刀妹,图鉴资料
图鉴资料 /   五星火   / 魔女,40141,50675,魔女,图鉴资料
图鉴资料 /   五星火   / 该隐,40140,50674,该隐,图鉴资料
图鉴资料 /   五星火   / 甜甜圈,40139,50673,甜甜圈,图鉴资料
图鉴资料 /   五星火   / 沙狐,40138,50672,沙狐,图鉴资料
图鉴资料 /   五星火   / 火弓,40137,50671,火弓,图鉴资料
图鉴资料 /   五星火   / 火教皇,40136,50670,火教皇,图鉴资料
图鉴资料 /   五星火   / 火伞,40135,50669,火伞,图鉴资料
图鉴资料 /   五星火   / 圣诞乐达,40134,50668,圣诞乐达,图鉴资料
图鉴资料 /   五星火   / 穗香,40133,50667,穗香,图鉴资料
图鉴资料 /   五星火   / 火伊芙,40132,50666,火伊芙,图鉴资料
图鉴资料 /   五星火   / 火镰刀,40131,50665,火镰刀,图鉴资料
图鉴资料 /   五星火   / 南瓜妹,101127,151537,南瓜妹,图鉴资料
图鉴资料 /   五星火   / 火达菲,40129,50663,火达菲,图鉴资料
图鉴资料 /   五星火   / 火狗,40128,50662,火狗,图鉴资料
图鉴资料 /   五星火   / 火莫娜,40127,50661,火莫娜,图鉴资料
图鉴资料 /   五星火   / 火仓鼠,40126,50660,火仓鼠,图鉴资料
图鉴资料 /   五星火   / 血石娘,40125,50659,血石娘,图鉴资料
图鉴资料 /   五星火   / 火护士,40124,50658,火护士,图鉴资料
图鉴资料 /   五星火   / 火兔子,40110,50624,火兔子,图鉴资料
图鉴资料 /   五星火   / 草莓,40101,50602,草莓,图鉴资料
图鉴资料 /   五星火   / 火管家,40100,50600,火管家,图鉴资料
图鉴资料 /   五星火   / 摩根,39649,50118,摩根,图鉴资料
图鉴资料 /   五星火   / 萨拉丁,39642,50111,萨拉丁,图鉴资料
图鉴资料 /   五星火   / 火南瓜,39638,50107,火南瓜,图鉴资料
图鉴资料 /   五星火   / 泡泡枪,39592,50055,泡泡枪,图鉴资料
图鉴资料 /   五星火   / 火呆毛,39575,50034,火呆毛,图鉴资料
图鉴资料 /   五星火   / 火奶,39536,50017,火奶,图鉴资料
图鉴资料 /   五星火   / 火骷髅,39530,50007,火骷髅,图鉴资料
图鉴资料 /   五星火   / 提箱,39528,50005,提箱,图鉴资料
图鉴资料 /   五星火   / 火背包,39501,49972,火背包,图鉴资料
图鉴资料 /   五星木  ,39883,,  五星木  ,图鉴资料
图鉴资料 /   五星木   / 绷带,123301,595171,绷带,图鉴资料
图鉴资料 /   五星木   / 木魔女,121101,591179,木魔女,图鉴资料
图鉴资料 /   五星木   / 机娘,118249,586600,机娘,图鉴资料
图鉴资料 /   五星木   / 贪婪鬼,113872,577404,贪婪鬼,图鉴资料
图鉴资料 /   五星木   / 妲努,113097,170966,妲努,图鉴资料
图鉴资料 /   五星木   / 木修女,110882,164723,木修女,图鉴资料
图鉴资料 /   五星木   / 木猫猫,108593,162132,木猫猫,图鉴资料
图鉴资料 /   五星木   / 西瓜盾,106656,159492,西瓜盾,图鉴资料
图鉴资料 /   五星木   / 船长,106654,159491,船长,图鉴资料
图鉴资料 /   五星木   / 木祭师,100878,151153,木祭师,图鉴资料
图鉴资料 /   五星木   / 拉妮,68684,96267,拉妮,图鉴资料
图鉴资料 /   五星木   / PPT,67137,94871,PPT,图鉴资料
图鉴资料 /   五星木   / 格里拉,67138,94872,格里拉,图鉴资料
图鉴资料 /   五星木   / 萨拉修,63495,90678,萨拉修,图鉴资料
图鉴资料 /   五星木   / 轮滑,62520,89347,轮滑,图鉴资料
图鉴资料 /   五星木   / 木枪,61537,87910,木枪,图鉴资料
图鉴资料 /   五星木   / 吸血鬼,58802,83945,吸血鬼,图鉴资料
图鉴资料 /   五星木   / 脚臭猫,54727,76465,脚臭猫,图鉴资料
图鉴资料 /   五星木   / 滑板,52934,74438,滑板,图鉴资料
图鉴资料 /   五星木   / 尤娜,51771,72733,尤娜,图鉴资料
图鉴资料 /   五星木   / 木巧克力,49611,69381,木巧克力,图鉴资料
图鉴资料 /   五星木   / 木金星,48650,66541,木金星,图鉴资料
图鉴资料 /   五星木   / 木莫娜,45924,62474,木莫娜,图鉴资料
图鉴资料 /   五星木   / 大队长,45150,61211,大队长,图鉴资料
图鉴资料 /   五星木   / 金币娘,43264,58473,金币娘,图鉴资料
图鉴资料 /   五星木   / 绫音,42508,57178,绫音,图鉴资料
图鉴资料 /   五星木   / 小女友,41845,54460,小女友,图鉴资料
图鉴资料 /   五星木   / 基佬,40096,50595,基佬,图鉴资料
图鉴资料 /   五星木   / 罗宾,40099,50599,罗宾,图鉴资料
图鉴资料 /   五星木   / 木吉他,40102,50604,木吉他,图鉴资料
图鉴资料 /   五星木   / 木偶,40105,50608,木偶,图鉴资料
图鉴资料 /   五星木   / 白猫,40111,50626,白猫,图鉴资料
图鉴资料 /   五星木   / 大木奶,40440,51431,大木奶,图鉴资料
图鉴资料 /   五星木   / 木凯,40432,51423,木凯,图鉴资料
图鉴资料 /   五星木   / 黑猫,40441,51433,黑猫,图鉴资料
图鉴资料 /   五星木   / 咪咪,40439,51430,咪咪,图鉴资料
图鉴资料 /   五星木   / 木糖猫,40430,51417,木糖猫,图鉴资料
图鉴资料 /   五星木   / 相机,40421,51403,相机,图鉴资料
图鉴资料 /   五星木   / 藪貓,40429,51413,藪貓,图鉴资料
图鉴资料 /   五星木   / 路茵,40447,51459,路茵,图鉴资料
图鉴资料 /   五星木   / 羊妹,40431,51419,羊妹,图鉴资料
图鉴资料 /   五星木   / 罗斯,40362,50980,罗斯,图鉴资料
图鉴资料 /   五星木   / 木南瓜,40438,51429,木南瓜,图鉴资料
图鉴资料 /   五星木   / 木丽莎,40420,51398,木丽莎,图鉴资料
图鉴资料 /   五星木   / 木双刃,40424,51408,木双刃,图鉴资料
图鉴资料 /   五星木   / 木娥,40423,51406,木娥,图鉴资料
图鉴资料 /   五星木   / 妮可,40109,50623,妮可,图鉴资料
图鉴资料 /   五星木   / 嘉米,40097,50596,嘉米,图鉴资料
图鉴资料 /   五星木   / 木伞,40093,50590,木伞,图鉴资料
图鉴资料 /   五星木   / 木槌,39647,50116,木槌,图鉴资料
图鉴资料 /   五星木   / 莫娜,40091,50584,莫娜,图鉴资料
图鉴资料 /   五星木   / 木炮,39643,50112,木炮,图鉴资料
图鉴资料 /   五星木   / 木毒奶,40082,50572,木毒奶,图鉴资料
图鉴资料 /   五星木   / 仓鼠,39787,50302,仓鼠,图鉴资料
图鉴资料 /   五星木   / 克兰普斯,39640,50109,克兰普斯,图鉴资料
图鉴资料 /   五星木   / 木基佬,39619,50088,木基佬,图鉴资料
图鉴资料 /   五星木   / 小木乃,39581,50041,小木乃,图鉴资料
图鉴资料 /   五星木   / 猪皇,39572,50030,猪皇,图鉴资料
图鉴资料 /   五星木   / 高达,39571,50029,高达,图鉴资料
图鉴资料 /   五星木   / 美国妹,39537,50020,美国妹,图鉴资料
图鉴资料 /   五星木   / 木背包,39606,50071,木背包,图鉴资料
图鉴资料 /   五星木   / 琵琶,39499,49966,琵琶,图鉴资料
图鉴资料 / 五星水,39884,,五星水,图鉴资料
图鉴资料 / 五星水 / 忍者龟,123302,595172,忍者龟,图鉴资料
图鉴资料 / 五星水 / 金钱猫,120144,589553,金钱猫,图鉴资料
图鉴资料 / 五星水 / 水猫猫,117218,584505,水猫猫,图鉴资料
图鉴资料 / 五星水 / 薄荷,116097,581883,薄荷,图鉴资料
图鉴资料 / 五星水 / 水AI,113873,577405,水AI,图鉴资料
图鉴资料 / 五星水 / 青钢刀,112202,168728,青钢刀,图鉴资料
图鉴资料 / 五星水 / 拉姆,112203,168727,拉姆,图鉴资料
图鉴资料 / 五星水 / 梦神,110881,164724,梦神,图鉴资料
图鉴资料 / 五星水 / 章鱼,103983,155234,章鱼,图鉴资料
图鉴资料 / 五星水 / 水忍,102530,152965,水忍,图鉴资料
图鉴资料 / 五星水 / 水妮可,67136,94870,水妮可,图鉴资料
图鉴资料 / 五星水 / 水牛,66322,93903,水牛,图鉴资料
图鉴资料 / 五星水 / 师妹,63494,90677,师妹,图鉴资料
图鉴资料 / 五星水 / 蔷薇,62879,89803,蔷薇,图鉴资料
图鉴资料 / 五星水 / 水伞,59866,85356,水伞,图鉴资料
图鉴资料 / 五星水 / 杜鹃,55847,78334,杜鹃,图鉴资料
图鉴资料 / 五星水 / 独角兽,52933,74437,独角兽,图鉴资料
图鉴资料 / 五星水 / 水机车,51772,72734,水机车,图鉴资料
图鉴资料 / 五星水 / 肥宅,51209,71709,肥宅,图鉴资料
图鉴资料 / 五星水 / 海王星,48651,66542,海王星,图鉴资料
图鉴资料 / 五星水 / 水罗汉,46837,63863,水罗汉,图鉴资料
图鉴资料 / 五星水 / 水白切,41844,54458,水白切,图鉴资料
图鉴资料 / 五星水 / 卡卡,40936,52621,卡卡,图鉴资料
图鉴资料 / 五星水 / 鲸妈,40074,50562,鲸妈,图鉴资料
图鉴资料 / 五星水 / 水星,40076,50566,水星,图鉴资料
图鉴资料 / 五星水 / 水罗刹,40081,50571,水罗刹,图鉴资料
图鉴资料 / 五星水 / 手铐,40090,50583,手铐,图鉴资料
图鉴资料 / 五星水 / 巧克力,40103,50605,巧克力,图鉴资料
图鉴资料 / 五星水 / 牛仔,40108,50622,牛仔,图鉴资料
图鉴资料 / 五星水 / 水黑猫,40112,50629,水黑猫,图鉴资料
图鉴资料 / 五星水 / 虎牙,40326,50880,虎牙,图鉴资料
图鉴资料 / 五星水 / 水狙,40325,50879,水狙,图鉴资料
图鉴资料 / 五星水 / 青钢影,40324,50878,青钢影,图鉴资料
图鉴资料 / 五星水 / 琳,40323,50877,琳,图鉴资料
图鉴资料 / 五星水 / 蛾子,40322,50876,蛾子,图鉴资料
图鉴资料 / 五星水 / 菩萨,40321,50875,菩萨,图鉴资料
图鉴资料 / 五星水 / 比利,40320,50874,比利,图鉴资料
图鉴资料 / 五星水 / 诺艾尔,40319,50873,诺艾尔,图鉴资料
图鉴资料 / 五星水 / 马科托,40318,50872,马科托,图鉴资料
图鉴资料 / 五星水 / 伪娘,40317,50871,伪娘,图鉴资料
图鉴资料 / 五星水 / 莎乐美,40316,50870,莎乐美,图鉴资料
图鉴资料 / 五星水 / 浣熊,40315,50869,浣熊,图鉴资料
图鉴资料 / 五星水 / 呱呱,40314,50868,呱呱,图鉴资料
图鉴资料 / 五星水 / 公主初音,40313,50867,公主初音,图鉴资料
图鉴资料 / 五星水 / 霞,40312,50866,霞,图鉴资料
图鉴资料 / 五星水 / 水达菲,40311,50865,水达菲,图鉴资料
图鉴资料 / 五星水 / 水护士,40310,50864,水护士,图鉴资料
图鉴资料 / 五星水 / 水丽莎,40309,50863,水丽莎,图鉴资料
图鉴资料 / 五星水 / 雪初音,40308,50862,雪初音,图鉴资料
图鉴资料 / 五星水 / 初音未来,40307,50861,初音未来,图鉴资料
图鉴资料 / 五星水 / 狗哥,40106,50617,狗哥,图鉴资料
图鉴资料 / 五星水 / 水土星,40104,50606,水土星,图鉴资料
图鉴资料 / 五星水 / 海葵,40098,50598,海葵,图鉴资料
图鉴资料 / 五星水 / 春丽,39648,50117,春丽,图鉴资料
图鉴资料 / 五星水 / 排球,40095,50593,排球,图鉴资料
图鉴资料 / 五星水 / 水皇冠,40089,50582,水皇冠,图鉴资料
图鉴资料 / 五星水 / 巴里,39644,50113,巴里,图鉴资料
图鉴资料 / 五星水 / 柳妹,40088,50580,柳妹,图鉴资料
图鉴资料 / 五星水 / 鲤鱼,40080,50570,鲤鱼,图鉴资料
图鉴资料 / 五星水 / 水基佬,39771,50273,水基佬,图鉴资料
图鉴资料 / 五星水 / 水胖次,39767,50270,水胖次,图鉴资料
图鉴资料 / 五星水 / 伊芙,39635,50101,伊芙,图鉴资料
图鉴资料 / 五星水 / 嫦娥,39590,50052,嫦娥,图鉴资料
图鉴资料 / 五星水 / 人鱼,39589,50051,人鱼,图鉴资料
图鉴资料 / 五星水 / 水枪,39574,50033,水枪,图鉴资料
图鉴资料 / 五星水 / 吴亦凡,39540,50025,吴亦凡,图鉴资料
图鉴资料 / 五星水 / 沉默龙,39531,50008,沉默龙,图鉴资料
图鉴资料 / 五星水 / 小丑鱼,39519,49996,小丑鱼,图鉴资料
图鉴资料 / 五星水 / 水老头,39483,49942,水老头,图鉴资料
图鉴资料 / 四星光,46638,,四星光,图鉴资料
图鉴资料 / 四星光 / 不公平的奥卡希奥,46648,63483,不公平的奥卡希奥,图鉴资料
图鉴资料 / 四星光 / 审判哥莫拉,46674,63522,审判哥莫拉,图鉴资料
图鉴资料 / 四星光 / 唱歌的巴斯特,46675,63523,唱歌的巴斯特,图鉴资料
图鉴资料 / 四星光 / 漂流的倪博拉,46676,63524,漂流的倪博拉,图鉴资料
图鉴资料 / 四星光 / 异界的默林,46677,63525,异界的默林,图鉴资料
图鉴资料 / 四星光 / 明镜的比特莱斯,46678,63526,明镜的比特莱斯,图鉴资料
图鉴资料 / 四星光 / 决战的提塔尼亚,46739,63616,决战的提塔尼亚,图鉴资料
图鉴资料 / 四星光 / 流浪的少女侦探,46740,63617,流浪的少女侦探,图鉴资料
图鉴资料 / 四星光 / 剑客普利卡,46741,63618,剑客普利卡,图鉴资料
图鉴资料 / 四星光 / 花园的波莫纳,46742,63619,花园的波莫纳,图鉴资料
图鉴资料 / 四星光 / 娴熟的卡尔克斯,46743,63620,娴熟的卡尔克斯,图鉴资料
图鉴资料 / 四星光 / 开心欧若拉,46751,63635,开心欧若拉,图鉴资料
图鉴资料 / 四星光 / 斗志赫尔克里士,46752,63636,斗志赫尔克里士,图鉴资料
图鉴资料 / 四星光 / 蛮干的赫尔莫德,46753,63637,蛮干的赫尔莫德,图鉴资料
图鉴资料 / 四星光 / 舒服的伊丝塔,46754,63638,舒服的伊丝塔,图鉴资料
图鉴资料 / 四星光 / 成功的勒达,46803,63739,成功的勒达,图鉴资料
图鉴资料 / 四星光 / 绽放的埃拉多,46804,63740,绽放的埃拉多,图鉴资料
图鉴资料 / 四星暗,46639,,四星暗,图鉴资料
图鉴资料 / 四星暗 / 莫里尤,42469,57121,莫里尤,图鉴资料
图鉴资料 / 四星暗 / 小丑,40749,51941,小丑,图鉴资料
图鉴资料 / 四星暗 / 吉他,40612,51794,吉他,图鉴资料
图鉴资料 / 四星暗 / 黑暗古妮尔,46649,63484,黑暗古妮尔,图鉴资料
图鉴资料 / 四星暗 / 夜之庆典提丰,46650,63485,夜之庆典提丰,图鉴资料
图鉴资料 / 四星暗 / 混沌的锡德拉,46651,63486,混沌的锡德拉,图鉴资料
图鉴资料 / 四星暗 / 做梦的安努恩,46652,63487,做梦的安努恩,图鉴资料
图鉴资料 / 四星暗 / 敬爱的比艾塔斯,46653,63488,敬爱的比艾塔斯,图鉴资料
图鉴资料 / 四星暗 / 沉默的仄洛斯,46681,63529,沉默的仄洛斯,图鉴资料
图鉴资料 / 四星暗 / 爱慕的涅班,46735,63612,爱慕的涅班,图鉴资料
图鉴资料 / 四星暗 / 小公主希栢利,46736,63613,小公主希栢利,图鉴资料
图鉴资料 / 四星暗 / 做梦的阿提密斯,46744,63621,做梦的阿提密斯,图鉴资料
图鉴资料 / 四星暗 / 黎明普洛塞庇娜,46745,63622,黎明普洛塞庇娜,图鉴资料
图鉴资料 / 四星暗 / 自以为是的艾迪沙,46800,63736,自以为是的艾迪沙,图鉴资料
图鉴资料 / 四星暗 / 凌晨的断头台,46801,63737,凌晨的断头台,图鉴资料
图鉴资料 / 四星暗 / 古老的剥制,46802,63738,古老的剥制,图鉴资料
图鉴资料 / 四星火,46640,,四星火,图鉴资料
图鉴资料 / 四星火 / 艾尔托拉,45398,61572,艾尔托拉,图鉴资料
图鉴资料 / 四星火 / 塔利亚,45056,61073,塔利亚,图鉴资料
图鉴资料 / 四星火 / 鲁道夫,40750,51942,鲁道夫,图鉴资料
图鉴资料 / 四星火 / 赛车手达菲,46644,63479,赛车手达菲,图鉴资料
图鉴资料 / 四星火 / 唱歌的艾克,46645,63480,唱歌的艾克,图鉴资料
图鉴资料 / 四星火 / 执着的弗林斯,46646,63481,执着的弗林斯,图鉴资料
图鉴资料 / 四星火 / 堕落的生物,46647,63482,堕落的生物,图鉴资料
图鉴资料 / 四星火 / 寂静仙女,46680,63528,寂静仙女,图鉴资料
图鉴资料 / 四星火 / 战场内德,46734,63611,战场内德,图鉴资料
图鉴资料 / 四星火 / 沉默九头蛇,46737,63614,沉默九头蛇,图鉴资料
图鉴资料 / 四星火 / 闪亮的优娜,46738,63615,闪亮的优娜,图鉴资料
图鉴资料 / 四星火 / 幻想达芙妮,46746,63623,幻想达芙妮,图鉴资料
图鉴资料 / 四星火 / 内心的普利吉娅,46757,63641,内心的普利吉娅,图鉴资料
图鉴资料 / 四星火 / 危险的普普普勒多娜,46805,63741,危险的普普普勒多娜,图鉴资料
图鉴资料 / 四星火 / 士兵亥图勒,46806,63742,士兵亥图勒,图鉴资料
图鉴资料 / 四星火 / 束缚球女士,46807,63743,束缚球女士,图鉴资料
图鉴资料 / 四星火 / 探索的芬里尔,46808,63744,探索的芬里尔,图鉴资料
图鉴资料 / 四星木,46641,,四星木,图鉴资料
图鉴资料 / 四星木 / 帽子戏法,46655,63491,帽子戏法,图鉴资料
图鉴资料 / 四星木 / 安可,46643,63476,安可,图鉴资料
图鉴资料 / 四星木 / 阿卡莫伦,46637,63472,阿卡莫伦,图鉴资料
图鉴资料 / 四星木 / 特里斯丹,46605,63416,特里斯丹,图鉴资料
图鉴资料 / 四星木 / 塞勒涅,46600,63411,塞勒涅,图鉴资料
图鉴资料 / 四星木 / 奥德修斯,46599,63410,奥德修斯,图鉴资料
图鉴资料 / 四星木 / 欧罗巴,46598,63408,欧罗巴,图鉴资料
图鉴资料 / 四星木 / 提西波涅,46366,63127,提西波涅,图鉴资料
图鉴资料 / 四星木 / 可拉,46363,63123,可拉,图鉴资料
图鉴资料 / 四星木 / 阿穆尔,46044,62808,阿穆尔,图鉴资料
图鉴资料 / 四星木 / 芙劳拉,45043,61046,芙劳拉,图鉴资料
图鉴资料 / 四星木 / 安博露西亚,42466,57118,安博露西亚,图鉴资料
图鉴资料 / 四星木 / 寂静红鼻子,46679,63527,寂静红鼻子,图鉴资料
图鉴资料 / 四星木 / 夜晚的缪斯,46756,63640,夜晚的缪斯,图鉴资料
图鉴资料 / 四星水,46642,,四星水,图鉴资料
图鉴资料 / 四星水 / 玛雅维尔,46034,62790,玛雅维尔,图鉴资料
图鉴资料 / 四星水 / 多特,46032,62783,多特,图鉴资料
图鉴资料 / 四星水 / 伊西丝,46030,62777,伊西丝,图鉴资料
图鉴资料 / 四星水 / 达奴,45290,61377,达奴,图鉴资料
图鉴资料 / 四星水 / 莎拉,45160,61230,莎拉,图鉴资料
图鉴资料 / 四星水 / 由衣,45156,61222,由衣,图鉴资料
图鉴资料 / 四星水 / 赫柏,45141,61201,赫柏,图鉴资料
图鉴资料 / 四星水 / 艾丽希恩,45135,61195,艾丽希恩,图鉴资料
图鉴资料 / 四星水 / 苏内特,45039,61027,苏内特,图鉴资料
图鉴资料 / 四星水 / 奇里诺斯,45034,61019,奇里诺斯,图鉴资料
图鉴资料 / 四星水 / 扫把,40611,51793,扫把,图鉴资料
图鉴资料 / 四星水 / 战狂阿尔格斯,46755,63639,战狂阿尔格斯,图鉴资料
图鉴资料 / 四星水 / 梦境万圣节,46809,63745,梦境万圣节,图鉴资料
图鉴资料 / 有价值的三星,40603,,有价值的三星,图鉴资料
图鉴资料 / 有价值的三星 / 达菲,40604,51773,达菲,图鉴资料
图鉴资料 / 有价值的三星 / 魔龙,41054,52738,魔龙,图鉴资料
图鉴资料 / 有价值的三星 / 安瓿,57483,82435,安瓿,图鉴资料
图鉴资料 / 有价值的三星 / 提柯,57484,82436,提柯,图鉴资料
图鉴资料 / 有价值的三星 / 復仇的火女,57485,82438,復仇的火女,图鉴资料
图鉴资料 / 有价值的三星 / 赫兹,57490,82442,赫兹,图鉴资料
图鉴资料 / 有价值的三星 / 木基佬,40610,51792,木基佬,图鉴资料
图鉴资料 / 有价值的三星 / 芙蕾雅,57487,82439,芙蕾雅,图鉴资料
图鉴资料 / 有价值的三星 / 毛球,57488,82441,毛球,图鉴资料
图鉴资料 / 有价值的三星 / 莫娜,57385,82350,莫娜,图鉴资料
图鉴资料 / 有价值的三星 / 漆黑的注视者,57386,82351,漆黑的注视者,图鉴资料
图鉴资料 / 有价值的三星 / 传达者,57387,82352,传达者,图鉴资料
图鉴资料 / 有价值的三星 / 布莱梅,57389,82353,布莱梅,图鉴资料
图鉴资料 / 有价值的三星 / 雅娜,57390,82355,雅娜,图鉴资料
图鉴资料 / 有价值的三星 / 丽萨,103516,154823,丽萨,图鉴资料
图鉴资料 / 有价值的三星 / 黑卡蒂,103517,154831,黑卡蒂,图鉴资料
图鉴资料 / 有价值的三星 / 卡索莉,103518,154832,卡索莉,图鉴资料
图鉴资料 / 魂卡图鉴,111423,,魂卡图鉴,图鉴资料
图鉴资料 / 魂卡图鉴 / 一个炎热的夏日,123329,595227,一个炎热的夏日,图鉴资料
图鉴资料 / 魂卡图鉴 / 坐在阳伞下,122314,593156,坐在阳伞下,图鉴资料
图鉴资料 / 魂卡图鉴 / 女神再临,122144,593002,女神再临,图鉴资料
图鉴资料 / 魂卡图鉴 / 一起散步吧,121164,591303,一起散步吧,图鉴资料
图鉴资料 / 魂卡图鉴 / 夕阳下的枪口,120178,589631,夕阳下的枪口,图鉴资料
图鉴资料 / 魂卡图鉴 / 困境中艺术家的眼眸,118393,587016,困境中艺术家的眼眸,图鉴资料
图鉴资料 / 魂卡图鉴 / 丽莎的特别辅导,117338,584780,丽莎的特别辅导,图鉴资料
图鉴资料 / 魂卡图鉴 / 甜蜜与间谍,116312,582302,甜蜜与间谍,图鉴资料
图鉴资料 / 魂卡图鉴 / 终焉之门,115297,580150,终焉之门,图鉴资料
图鉴资料 / 魂卡图鉴 / 妖精的祝福,114326,577916,妖精的祝福,图鉴资料
图鉴资料 / 魂卡图鉴 / 纯粹的光,114327,577917,纯粹的光,图鉴资料
图鉴资料 / 魂卡图鉴 / 达比们的晚餐,112276,168969,达比们的晚餐,图鉴资料
图鉴资料 / 魂卡图鉴 / 谈谈情跳跳舞,112275,168968,谈谈情跳跳舞,图鉴资料
图鉴资料 / 魂卡图鉴 / 最美的妆容,112274,168967,最美的妆容,图鉴资料
图鉴资料 / 魂卡图鉴 / 华丽的年终派对,112273,168966,华丽的年终派对,图鉴资料
图鉴资料 / 魂卡图鉴 / 夏日阳光下,112270,168965,夏日阳光下,图鉴资料
图鉴资料 / 魂卡图鉴 / 与珍贵的同僚们永远一起,112272,168964,与珍贵的同僚们永远一起,图鉴资料
图鉴资料 / 魂卡图鉴 / 意气风发的乱战斗士,112271,168963,意气风发的乱战斗士,图鉴资料
图鉴资料 / 魂卡图鉴 / 秘药完成,111584,167072,秘药完成,图鉴资料
图鉴资料 / 魂卡图鉴 / 海上水枪大战,111086,165090,海上水枪大战,图鉴资料
图鉴资料 / 魂卡图鉴 / 柑橘的诱惑,109010,162571,柑橘的诱惑,图鉴资料
图鉴资料 / 魂卡图鉴 / 向目标迈进一步,109009,162569,向目标迈进一步,图鉴资料
图鉴资料 / 魂卡图鉴 / 烈日下,109008,162568,烈日下,图鉴资料
图鉴资料 / 魂卡图鉴 / 耀眼的瞬间,107236,160176,耀眼的瞬间,图鉴资料
图鉴资料 / 魂卡图鉴 / 灿烂的笑容给你,107234,160174,灿烂的笑容给你,图鉴资料
图鉴资料 / 魂卡图鉴 / 沙滩排球比赛！,107235,160175,沙滩排球比赛！,图鉴资料
图鉴资料 / 魂卡图鉴 / 老板好球,105160,157046,老板好球,图鉴资料
图鉴资料 / 魂卡图鉴 / 忧虑时刻,103986,155241,忧虑时刻,图鉴资料
图鉴资料 / 魂卡图鉴 / 魔王的继承者,102531,152966,魔王的继承者,图鉴资料
图鉴资料 / 魂卡图鉴 / 致命甜点,69095,97173,致命甜点,图鉴资料
图鉴资料 / 魂卡图鉴 / 抓虎的狐狸,68865,96764,抓虎的狐狸,图鉴资料
图鉴资料 / 魂卡图鉴 / 血腥的下午茶,68866,96765,血腥的下午茶,图鉴资料
图鉴资料 / 魂卡图鉴 / 丽莎的台球实力是？,68686,96269,丽莎的台球实力是？,图鉴资料
图鉴资料 / 魂卡图鉴 / 心情转换,67141,94882,心情转换,图鉴资料
图鉴资料 / 魂卡图鉴 / 死亡凯布里,67145,94886,死亡凯布里,图鉴资料
图鉴资料 / 魂卡图鉴 / 女神出现,67143,94884,女神出现,图鉴资料
图鉴资料 / 魂卡图鉴 / 像火花一样灿烂,67142,94883,像火花一样灿烂,图鉴资料
图鉴资料 / 魂卡图鉴 / 礼物送达,67144,94885,礼物送达,图鉴资料
图鉴资料 / 魂卡图鉴 / 我们一起度过的冬天,66323,93904,我们一起度过的冬天,图鉴资料
图鉴资料 / 魂卡图鉴 / 悠闲的咖啡厅,65110,92660,悠闲的咖啡厅,图鉴资料
图鉴资料 / 魂卡图鉴 / 小魅魔的点心时间,106744,159664,小魅魔的点心时间,图鉴资料
图鉴资料 / 魂卡图鉴 / 女王的回忆,63505,90688,女王的回忆,图鉴资料
图鉴资料 / 魂卡图鉴 / 同伴的誓言,63503,90686,同伴的誓言,图鉴资料
图鉴资料 / 魂卡图鉴 / 要积累积分吗？,106759,159685,要积累积分吗？,图鉴资料
图鉴资料 / 魂卡图鉴 / 太阳的影子,63501,90684,太阳的影子,图鉴资料
图鉴资料 / 魂卡图鉴 / 邪恶的交战,63500,90683,邪恶的交战,图鉴资料
图鉴资料 / 魂卡图鉴 / 在无休止的战斗中,63499,90682,在无休止的战斗中,图鉴资料
图鉴资料 / 魂卡图鉴 / 炼狱与地狱的境界,63497,90680,炼狱与地狱的境界,图鉴资料
图鉴资料 / 魂卡图鉴 / 凯尔的万圣节,63498,90681,凯尔的万圣节,图鉴资料
图鉴资料 / 魂卡图鉴 / 头脑之战,63504,90687,头脑之战,图鉴资料
图鉴资料 / 魂卡图鉴 / 秋天枫叶的休息地,62522,89351,秋天枫叶的休息地,图鉴资料
图鉴资料 / 魂卡图鉴 / 如何享受夏天,60692,86644,如何享受夏天,图鉴资料
图鉴资料 / 魂卡图鉴 / 你准备好了吗？,58817,83963,你准备好了吗？,图鉴资料
图鉴资料 / 魂卡图鉴 / 来溪谷玩吧,57779,82886,来溪谷玩吧,图鉴资料
图鉴资料 / 魂卡图鉴 / 夜星空,56773,81663,夜星空,图鉴资料
图鉴资料 / 魂卡图鉴 / 不速之客,55855,78344,不速之客,图鉴资料
图鉴资料 / 魂卡图鉴 / 和平的羊群牧场,55854,78343,和平的羊群牧场,图鉴资料
图鉴资料 / 魂卡图鉴 / 灵魂罗曼史MT,55265,77379,灵魂罗曼史MT,图鉴资料
图鉴资料 / 魂卡图鉴 / 浪漫的婚纱,54728,76466,浪漫的婚纱,图鉴资料
图鉴资料 / 魂卡图鉴 / 苏醒的赛特,54003,75403,苏醒的赛特,图鉴资料
图鉴资料 / 魂卡图鉴 / 花之女王,54004,75404,花之女王,图鉴资料
图鉴资料 / 魂卡图鉴 / 春日海洋的漫步,52935,74440,春日海洋的漫步,图鉴资料
图鉴资料 / 魂卡图鉴 / 温暖春日,52489,73734,温暖春日,图鉴资料
图鉴资料 / 魂卡图鉴 / 安然入睡,51773,72735,安然入睡,图鉴资料
图鉴资料 / 魂卡图鉴 / 卡塔利奥的礼物,51210,71710,卡塔利奥的礼物,图鉴资料
图鉴资料 / 魂卡图鉴 / 卡塔尤诺的礼物,51211,71711,卡塔尤诺的礼物,图鉴资料
图鉴资料 / 魂卡图鉴 / 蒂瓦兹的礼物,49608,69376,蒂瓦兹的礼物,图鉴资料
图鉴资料 / 魂卡图鉴 / 满是失误的情人节,49610,69378,满是失误的情人节,图鉴资料
图鉴资料 / 魂卡图鉴 / 姐姐的怀抱,49609,69377,姐姐的怀抱,图鉴资料
图鉴资料 / 魂卡图鉴 / 接吻回应,49220,68066,接吻回应,图鉴资料
图鉴资料 / 魂卡图鉴 / 真心的歌声,48649,66540,真心的歌声,图鉴资料
图鉴资料 / 魂卡图鉴 / 为了我们的成功舞台,47901,65302,为了我们的成功舞台,图鉴资料
图鉴资料 / 魂卡图鉴 / 马斯的作曲实力是？,47900,65301,马斯的作曲实力是？,图鉴资料
图鉴资料 / 魂卡图鉴 / 米利亚姆的记忆,46843,63884,米利亚姆的记忆,图鉴资料
图鉴资料 / 魂卡图鉴 / 我们创造的世界,46842,63883,我们创造的世界,图鉴资料
图鉴资料 / 魂卡图鉴 / 到此为止醒来吧,45153,61219,到此为止醒来吧,图鉴资料
图鉴资料 / 魂卡图鉴 / 温暖的休息,45154,61220,温暖的休息,图鉴资料
图鉴资料 / 魂卡图鉴 / 失去的东西,44952,60796,失去的东西,图鉴资料
图鉴资料 / 魂卡图鉴 / 未知的心,44953,60797,未知的心,图鉴资料
图鉴资料 / 魂卡图鉴 / 长久等待的尽头,44954,60798,长久等待的尽头,图鉴资料
图鉴资料 / 魂卡图鉴 / 快请进,44955,60799,快请进,图鉴资料
图鉴资料 / 魂卡图鉴 / 五彩的沙滩,44941,60782,五彩的沙滩,图鉴资料
图鉴资料 / 魂卡图鉴 / 一起去戏水,40366,50985,一起去戏水,图鉴资料
图鉴资料 / 魂卡图鉴 / 奢华夏日,40367,50986,奢华夏日,图鉴资料
图鉴资料 / 魂卡图鉴 / 换泳装,40368,50987,换泳装,图鉴资料
图鉴资料 / 魂卡图鉴 / 湿漉漉的夏季,40369,50988,湿漉漉的夏季,图鉴资料
图鉴资料 / 魂卡图鉴 / 盛夏假期,40374,50993,盛夏假期,图鉴资料
图鉴资料 / 魂卡图鉴 / 奔向耀眼的波涛,40375,50994,奔向耀眼的波涛,图鉴资料
图鉴资料 / 魂卡图鉴 / 海滩美食节,40376,50996,海滩美食节,图鉴资料
图鉴资料 / 魂卡图鉴 / 露莎卡之心,40377,50997,露莎卡之心,图鉴资料
图鉴资料 / 魂卡图鉴 / 激情对决,40378,51001,激情对决,图鉴资料
图鉴资料 / 魂卡图鉴 / 我们的爱情…,40391,51226,我们的爱情…,图鉴资料
图鉴资料 / 魂卡图鉴 / 纯粹之恶,40397,51232,纯粹之恶,图鉴资料
图鉴资料 / 魂卡图鉴 / 祈祷少女,40398,51233,祈祷少女,图鉴资料
图鉴资料 / 魂卡图鉴 / 机械战争,40399,51236,机械战争,图鉴资料
图鉴资料 / 魂卡图鉴 / 你好 吾之爱,40406,51243,你好 吾之爱,图鉴资料
图鉴资料 / 魂卡图鉴 / 两颗心,40407,51245,两颗心,图鉴资料
图鉴资料 / 魂卡图鉴 / 美人降临,40408,51246,美人降临,图鉴资料
图鉴资料 / 魂卡图鉴 / 周年聚会,40409,51247,周年聚会,图鉴资料
图鉴资料 / 魂卡图鉴 / 夏娃之怒,40410,51248,夏娃之怒,图鉴资料
图鉴资料 / 魂卡图鉴 / 心是唯一,40411,51254,心是唯一,图鉴资料
图鉴资料 / 魂卡图鉴 / 秋夕的嬉戏,40413,51256,秋夕的嬉戏,图鉴资料
图鉴资料 / 魂卡图鉴 / 野狐奇谈,40425,51409,野狐奇谈,图鉴资料
图鉴资料 / 魂卡图鉴 / 疾风水之妖精,40426,51410,疾风水之妖精,图鉴资料
图鉴资料 / 魂卡图鉴 / 王子抱,40434,51425,王子抱,图鉴资料
图鉴资料 / 魂卡图鉴 / 那天的记忆,40435,51426,那天的记忆,图鉴资料
图鉴资料 / 魂卡图鉴 / 爱的永恒誓言,40436,51427,爱的永恒誓言,图鉴资料
图鉴资料 / 魂卡图鉴 / 夜间外出,40404,51241,夜间外出,图鉴资料
图鉴资料 / 魂卡图鉴 / 与你共享下午茶,40403,51240,与你共享下午茶,图鉴资料
图鉴资料 / 魂卡图鉴 / 迟到，迟到了！,40402,51239,迟到，迟到了！,图鉴资料
图鉴资料 / 魂卡图鉴 / 春季约会,40393,51228,春季约会,图鉴资料
图鉴资料 / 魂卡图鉴 / 甜蜜射击,40405,51242,甜蜜射击,图鉴资料
图鉴资料 / 魂卡图鉴 / 天才美少年的时间,40401,51238,天才美少年的时间,图鉴资料
图鉴资料 / 魂卡图鉴 / 美式冰咖啡,40437,51428,美式冰咖啡,图鉴资料
图鉴资料 / 魂卡图鉴 / Welcome to America,40395,51230,Welcome to America,图鉴资料
图鉴资料 / 魂卡图鉴 / 流浪的道士,40396,51231,流浪的道士,图鉴资料
图鉴资料 / 魂卡图鉴 / 劳累后的午睡时光,40394,51229,劳累后的午睡时光,图鉴资料
图鉴资料 / 魂卡图鉴 / 独家！午夜约会,40392,51227,独家！午夜约会,图鉴资料
图鉴资料 / 魂卡图鉴 / 心思一转,40386,51218,心思一转,图鉴资料
图鉴资料 / 魂卡图鉴 / 海边陷井的俘虏,40387,51219,海边陷井的俘虏,图鉴资料
图鉴资料 / 魂卡图鉴 / 深山里的陷阱,40388,51220,深山里的陷阱,图鉴资料
图鉴资料 / 魂卡图鉴 / 吸血鬼女士,40371,50990,吸血鬼女士,图鉴资料
图鉴资料 / 魂卡图鉴 / 甜栗子巧克力,40370,50989,甜栗子巧克力,图鉴资料
图鉴资料 / 魂卡图鉴 / 奇特花园,40365,50983,奇特花园,图鉴资料
图鉴资料 / 魂卡图鉴 / 深海的幽会,40364,50982,深海的幽会,图鉴资料
图鉴资料 / 魂卡图鉴 / 秘密颂歌,40363,50981,秘密颂歌,图鉴资料
图鉴资料 / 魂卡图鉴 / 像个恶魔般的坏人！,40359,50977,像个恶魔般的坏人！,图鉴资料
图鉴资料 / 魂卡图鉴 / 紫藤花的承诺,40358,50976,紫藤花的承诺,图鉴资料
图鉴资料 / 魂卡图鉴 / Under the Sea,40357,50975,Under the Sea,图鉴资料
图鉴资料 / 魂卡图鉴 / 午夜伙伴,40356,50974,午夜伙伴,图鉴资料
图鉴资料 / 魂卡图鉴 / 灰白的猎人,40354,50970,灰白的猎人,图鉴资料
图鉴资料 / 魂卡图鉴 / 微笑的力量,40353,50969,微笑的力量,图鉴资料
图鉴资料 / 魂卡图鉴 / 贯穿蓝天的自信,40352,50968,贯穿蓝天的自信,图鉴资料
图鉴资料 / 魂卡图鉴 / 宝蓝色的少女,40351,50966,宝蓝色的少女,图鉴资料
图鉴资料 / 魂卡图鉴 / 特别工作组,40355,50971,特别工作组,图鉴资料
图鉴资料 / 魂卡图鉴 / 和牧师一起,40347,50951,和牧师一起,图鉴资料
图鉴资料 / 魂卡图鉴 / 打扰一下...?,44943,60784,打扰一下...?,图鉴资料
图鉴资料 / 魂卡图鉴 / 慵懒的海边,44942,60783,慵懒的海边,图鉴资料
图鉴资料 / 魂卡图鉴 / 天使的微笑,40412,51255,天使的微笑,图鉴资料
图鉴资料 / 魂卡图鉴 / 双主,40427,51411,双主,图鉴资料
图鉴资料 / 魂卡图鉴 / 3位好朋友,40428,51412,3位好朋友,图鉴资料
图鉴资料 / 魂卡图鉴 / 神的梦想,40433,51424,神的梦想,图鉴资料
图鉴资料 / 魂卡图鉴 / PPP On Stage,40390,51222,PPP On Stage,图鉴资料
图鉴资料 / 魂卡图鉴 / 阳光普照的温泉,40389,51221,阳光普照的温泉,图鉴资料
图鉴资料 / 魂卡图鉴 / 给羔羊的祝福,40373,50992,给羔羊的祝福,图鉴资料
图鉴资料 / 魂卡图鉴 / 极限的修罗场,40372,50991,极限的修罗场,图鉴资料
图鉴资料 / 魂卡图鉴 / 绫音,40361,50979,绫音,图鉴资料
图鉴资料 / 魂卡图鉴 / 环,40360,50978,环,图鉴资料
