content_id,avatar_file,avatar_url,name,element,rarity,tap,slide,drive,leader,lv1,lv70
593126,avatars/593126.png,https://cdnimg.gamekee.com/wiki2.0/images/w_250/h_250/202/236746/2023/5/21/927411.png,悲恸的报丧女妖,暗,传奇,减少减益命中率-100%几率：8秒内，2名干扰型敌人优先-15%,睡眠-100%几率：10秒内，2名敌人（随机）50%几率,,减少减益命中率-100%几率：永远套用所有干扰型敌人-10%,,LV70
169173,avatars/169173.png,https://cdnimg.gamekee.com/wiki2.0/images/w_122/h_122/202/57/2022/9/14/668349.png,女仆摩根,火,传奇,对2名木属性敌人造成流血（每2秒造成100持续伤害），持续10秒,对攻击目标造成500无视防御伤害,,,,LV70
169174,avatars/169174.png,https://cdnimg.gamekee.com/wiki2.0/images/w_250/h_250/202/57/2022/9/14/5694.png,不屈的自请妃,木,传奇,赋予自身弱点攻击最终伤害+40%，持续10秒,自身获得吸血（攻击时回复500HP），持续16秒,,木属性盟友的弱点攻击最终伤害+10%,,LV70
169175,avatars/169175.png,https://cdnimg.gamekee.com/wiki2.0/images/w_250/h_250/202/57/2022/9/14/978779.png,轮回的克丽欧佩特拉,光,传奇,对攻击目标造成300加成伤害,对攻击目标中的2名随机敌人造成失明（减少攻击命中率30%），持续12秒,,,,LV70
169176,avatars/169176.png,https://cdnimg.gamekee.com/wiki2.0/images/w_250/h_250/202/57/2022/9/14/386384.png,小试身手朱庇特,火,传奇,攻击目标的防御力-15%，持续8秒,对攻击目标中的2名随机敌人造成流血（每2秒100持续伤害），持续14秒,,全体敌人的防御力-10%,,LV70
169177,avatars/169177.png,https://cdnimg.gamekee.com/wiki2.0/images/w_250/h_250/202/57/2022/9/14/510000.png,有野心的玛门,木,传奇,,赋予自身挑衅（发动概率：80%），持续12秒,自身所有skill伤害防御力+20%，持续16秒,,,LV70
169178,avatars/169178.png,https://cdnimg.gamekee.com/wiki2.0/images/w_250/h_250/202/57/2022/9/14/609077.png,阳光的嫦娥,水,传奇,,,有45%的概率充满3名随机盟友（自身以外）skill量表,全体盟友的skill充能量+10%,,LV70
169179,avatars/169179.png,https://cdnimg.gamekee.com/wiki2.0/images/w_250/h_250/202/57/2022/9/14/426250.png,禁忌的夏娃,水,传奇,,,对攻击目标造成中毒（每当目标行动时，造成500伤害，并在受到伤害时附加加成伤害），持续4回合,,,LV70
169180,avatars/169180.png,https://cdnimg.gamekee.com/wiki2.0/images/w_250/h_250/202/57/2022/9/14/833960.png,君临梅杜莎,暗,传奇,有50%的几率对随机2名敌人造成石化（10秒内无法行动，除非受到2次攻击）,,有50%的几率对攻击目标中的3名随机敌人造成石化（20秒内无法行动，除非受到3次攻击）,光属性敌人的减益回避率-10%,,LV70
169181,avatars/169181.png,https://cdnimg.gamekee.com/wiki2.0/images/w_250/h_250/202/57/2022/9/14/720069.png,弗雷,暗,传奇,自身暴击率+30%，持续10秒,,对攻击目标造成减益爆发（移除1个减益，并以X300的系数造成基于该效果种类的伤害）,,,LV70
169182,avatars/169182.png,https://cdnimg.gamekee.com/wiki2.0/images/w_250/h_250/202/57/2022/9/14/370995.png,迷失的玛亚特,光,传奇,有60%的几率移除2名盟友（被石化）的石化,2名盟友（低HP）持续回复+150HP（每2秒1次），持续12秒,将1名已死亡盟友复活至2000HP的状态,,,LV70
595288,avatars/595288.png,https://cdnimg.gamekee.com/wiki2.0/images/w_250/h_250/202/236746/2023/6/19/965074.png,星夜阿斯特莉亚,木,史诗,秘愈（100%概率）：10秒内，2名盟友（低HP）+400,治愈（100%概率）：3名盟友（低HP）回复1200,,,,LV70
595290,avatars/595290.png,https://cdnimg.gamekee.com/wiki2.0/images/w_250/h_250/202/236746/2023/6/19/96045.png,回忆的欧洛拉,木,史诗,,skill充能加速（100%概率）：16秒内，2名木属性盟友（高攻击力）+40%,,skill充能加速（100%概率）：永远套用所有木属性盟友+7.5%,,LV70
595293,avatars/595293.png,https://cdnimg.gamekee.com/wiki2.0/images/w_250/h_250/202/236746/2023/6/19/769717.png,白色伊索德,水,史诗,,水球（100概率）：16秒内2次，2名敌人（高攻击力）500伤害量,冰冻（100概率）：15秒内，3名治愈型敌人优先40%几率,,,LV70
595291,avatars/595291.png,https://cdnimg.gamekee.com/wiki2.0/images/w_250/h_250/202/236746/2023/6/19/34523.png,春之贝丝,水,史诗,减益效果回避率↑ （100%概率）：10秒内，2名盟友（低HP）+15%,忍耐 （75%概率）：16秒内4次，2名盟友（低HP）100%概率,,,,LV70
593132,avatars/593132.png,https://cdnimg.gamekee.com/wiki2.0/images/w_256/h_256/202/236746/2023/5/21/739619.png,暗黑克星丽莎,水,史诗,,仅限于攻击目标无视防御伤害-100%几率：所有敌人400伤害量,,Skill强化Ⅱ-100%几率：永远套用所有水属性盟友+7.5%,,LV70
593133,avatars/593133.png,https://cdnimg.gamekee.com/wiki2.0/images/w_256/h_256/202/236746/2023/5/21/509133.png,勤勉的迪诺,水,史诗,仅限于攻击目标无视防御伤害-100%几率：所有火属性敌人250伤害量,,狂暴-100%几率：20秒内，对自身+40%晕眩：5秒内，对自身100%几率,,,LV70
593128,avatars/593128.png,https://cdnimg.gamekee.com/wiki2.0/images/w_256/h_256/202/236746/2023/5/21/151711.png,自傲的菲尔纳多,火,史诗,,,Skill充能加速-100%几率：20秒内， 3名火属性盟友（高攻击力）+40%,Skill充能加速-100%几率：永远套用所有火属性盟友+7.5%,,LV70
593127,avatars/593127.png,https://cdnimg.gamekee.com/wiki2.0/images/w_256/h_256/202/236746/2023/5/21/174444.png,圣诞勒达,火,史诗,,攻击力↑-100%几率：16秒内，3名火属性盟友（高攻击力）+25%,屏障-100几率：20秒内，5名盟友（低HP）+1300,,,LV70
591545,avatars/591545.png,https://cdnimg.gamekee.com/wiki2.0/images/w_122/h_122/202/236746/2023/4/27/999203.png,田园的潘,木,史诗,,skill充能↓：所有敌人-20%,skill充能↓：16秒内，所有敌人-20%,,,LV70
591544,avatars/591544.png,https://cdnimg.gamekee.com/wiki2.0/images/w_122/h_122/202/236746/2023/4/27/204169.png,魅惑的赫克特,木,史诗,,减益效果回避率↑：16秒内，2名木属性盟友+15%,治疗：3名盟友（低HP，屏障除外）回复+1200,,,LV70
591540,avatars/591540.png,https://cdnimg.gamekee.com/wiki2.0/images/w_122/h_122/202/236746/2023/4/27/355963.png,暗光的凯布利,暗,史诗,,失明：12秒内，2名干扰型敌人20%,混乱：15秒内，所有敌人40%几率,,,LV70
591539,avatars/591539.png,https://cdnimg.gamekee.com/wiki2.0/images/w_122/h_122/202/236746/2023/4/27/413146.png,匆忙的奥弗伊斯,暗,史诗,屏障反制：2名敌人（有屏障）+55%,保护增益爆发：3名敌人（有保护增益）400伤害量,,,,LV70
589624,avatars/589624.png,https://cdnimg.gamekee.com/wiki2.0/images/w_122/h_122/202/236746/2023/3/26/977733.png,仲夏秋牡丹,水,史诗,2名队友（低HP优先，屏障除外）+350HP,,,Skill量表充能量+7.5%，永远套用所有水属性队友,,LV70
589625,avatars/589625.png,https://cdnimg.gamekee.com/wiki2.0/images/w_122/h_122/202/236746/2023/3/26/558269.png,引人注目的艾修,水,史诗,10秒内，1名水属性盟友+1300屏障16秒内3次，1名水属性盟友的skill防御力+15%,,,,,LV70
589626,avatars/589626.png,https://cdnimg.gamekee.com/wiki2.0/images/w_122/h_122/202/236746/2023/3/26/888247.png,神枪手希尔德,光,史诗,有40%概率自身获得远距离攻击（无视敌人的挑衅、反射）,,,SS技能伤害+7.5%，永远套用所有光属性盟友,,LV70
589628,avatars/589628.png,https://cdnimg.gamekee.com/wiki2.0/images/w_122/h_122/202/236746/2023/3/26/651265.png,古弦乐师自请妃,光,传奇,,,赋予全体光属性盟友狂暴（攻击力+40%且无敌，但效果结束时有100%机率晕昡目标5秒），持续20秒,skill充能量+7.5%，永远套用所有光属性队友,,LV70
169269,avatars/169269.png,https://cdnimg.gamekee.com/wiki2.0/images/w_122/h_122/202/43637/2022/9/14/527845.png,渴望的维尔德,火,史诗,,有45%的机率对2名敌人(流血中)造成擦伤(增加流血持续伤害和持续时间)，持续12秒,2名盟友(高攻击力)的Skill量表+ 15%,,,LV70
169271,avatars/169271.png,https://cdnimg.gamekee.com/wiki2.0/images/w_250/h_250/202/43637/2022/9/14/659856.png,净火的狄蜜特,火,史诗,对攻击目标中的木属性敌人造成250加成伤害,对攻击目标中的2名敌人(低HP)造成猛毒(70持续伤害。 回复、持续回复-50%，无法缩短或延长减益)，持续12秒,,,,LV70
169272,avatars/169272.png,https://cdnimg.gamekee.com/wiki2.0/images/w_248/h_250/202/63428/2022/9/17/706445.png,转世的柳道士,木,史诗,,2名盟友(低HP)防御力+25%，持续16秒,为全体盟友回复+ 1200HP,,,LV70
169273,avatars/169273.png,https://cdnimg.gamekee.com/wiki2.0/images/w_250/h_250/202/43637/2022/9/14/419357.png,祈祷的钵里,水,史诗,启动机率: 75%有100%的机率对攻击目标造成禁止回复(吸血/HP吸取除外)，持续8秒,对攻击目标中的2名敌人(受增益)造成烙印(每4秒造成70持续伤害，并根据目标增益数造成加成伤害， 最多6个增益)，持续20秒,,,,LV70
169275,avatars/169275.png,https://cdnimg.gamekee.com/wiki2.0/images/w_250/h_250/202/43637/2022/9/14/989063.png,虚幻的迪朗达尔,暗,史诗,1名盟友(高攻击力)暴击率+20%， 持续10秒,2名暗属性盟友(高攻击力)的Slide Skill伤害+30%，持续16秒,,,,LV70
169276,avatars/169276.png,https://cdnimg.gamekee.com/wiki2.0/images/w_250/h_250/202/43637/2022/9/14/724056.png,沙漠的荷鲁斯,光,史诗,攻击目标中1名随机敌人的攻击力-15%，持续8秒,,,全体敌人的攻击力-7.5%,,LV70
169277,avatars/169277.png,https://cdnimg.gamekee.com/wiki2.0/images/w_250/h_250/202/43637/2022/9/14/816061.png,欺瞒的坎普斯,木,史诗,,,对攻击目标中的3名随机敌人造成炸弹(在6秒后造成1500伤害)，持续6秒,木属性盟友的Slide Skill最终伤害+7.5%,,LV70
169278,avatars/169278.png,https://cdnimg.gamekee.com/wiki2.0/images/w_250/h_250/202/43637/2022/9/14/435202.png,和谐的梅芙,火,史诗,,对攻击目标中的木属性敌人造成400加成伤害,,火属性盟友的Tap Skill最终伤害+7.5%,,LV70
169279,avatars/169279.png,https://cdnimg.gamekee.com/wiki2.0/images/w_250/h_250/202/43637/2022/9/14/271538.png,情报员布朗尼,木,史诗,,2名木属性盟友减益持续时间-15%，持续16秒,,木属性盟友的Skill量表充能速度+7.5%,,LV70
169280,avatars/169280.png,https://cdnimg.gamekee.com/wiki2.0/images/w_250/h_250/202/43637/2022/9/14/852273.png,正义的玛弗德特,光,史诗,,有100%的机率对攻击目标中的3名随机敌人造成禁止回复(吸血/HP吸取除外)， 持续12秒,,光属性盟友的Skill伤害+7.5%,,LV70
169281,avatars/169281.png,https://cdnimg.gamekee.com/wiki2.0/images/w_250/h_250/202/43637/2022/9/14/859652.png,冰刃尤弥尔,水,史诗,自身所有Skill伤害防御力+15%，持续8秒,赋予自身不死(HP不会低于1)，持续10秒,,,,LV70
169282,avatars/169282.png,https://cdnimg.gamekee.com/wiki2.0/images/w_250/h_250/202/43637/2022/9/14/251671.png,月光狼人,暗,史诗,有40%的机率赋予2名攻击型阍属性盟友觉醒(暴击伤害增加30%，并根据自身增益数增加Slide Skill伤害)，持续10秒,,,暗属性盟友的攻击力+7.5%,,LV70
169284,avatars/169284.png,https://cdnimg.gamekee.com/wiki2.0/images/w_250/h_250/202/43637/2022/9/14/168921.png,沉着的迈达斯,木,史诗,,攻击目标中2名敌人(低防御力)的弱点防御-20%，持续12秒,,全体敌人的弱点防御-7.5%,,LV70
169285,avatars/169285.png,https://cdnimg.gamekee.com/wiki2.0/images/w_250/h_250/202/43637/2022/9/14/370057.png,魔方摩亚,光,史诗,,有40%的机率对攻击目标中的2名敌人(高攻击力)造成石化(16秒内无法行动，除非受到2次攻击)，持续16秒,有40%的机率对攻击目标中的2名随机敌人造成石化(20秒内无法行动，除非受到3次攻击),,,LV70
169286,avatars/169286.png,https://cdnimg.gamekee.com/wiki2.0/images/w_250/h_250/202/43637/2022/9/14/221739.png,蓝暗影奥尔加,水,史诗,攻击目标中1名随机敌人的Skill量表充能速度-20%，持续8秒,有40%的机率对攻击目标中的随机2名敌人造成沉默(无法使用技能，并重设Skill量表)，持续4秒,,,,LV70
169287,avatars/169287.png,https://cdnimg.gamekee.com/wiki2.0/images/w_250/h_250/202/43637/2022/9/14/991662.png,恶棍亚巴顿,木,史诗,对攻击目标中的水属性敌人造成250加成伤害,将300吸收为自身的HP,,,,LV70
169288,avatars/169288.png,https://cdnimg.gamekee.com/wiki2.0/images/w_250/h_250/202/43637/2022/9/14/986704.png,沸腾的黑帝斯,火,史诗,赋予自身屏障+1300(在HP受影响前，吸收所有敌方攻击伤害，无法与减益屏障同时启用)，持续10秒,赋予自身反射(反射10%受到的伤害)，持续16秒,,,,LV70
169290,avatars/169290.png,https://cdnimg.gamekee.com/wiki2.0/images/w_250/h_250/202/43637/2022/9/14/171571.png,白翼的迪亚布罗,光,史诗,,赋予自身激怒(最多累积200%所受伤害，并一次回击)， 持续1阶段,,全体盟友的所有Skill伤害防御力+7.5%,,LV70
169292,avatars/169292.png,https://cdnimg.gamekee.com/wiki2.0/images/w_250/h_250/202/43637/2022/9/14/535541.png,西方的欧洛拉,火,史诗,,为2名盟友(低HP)回复+1200HP,5名盟友(低HP)持续回复+ 130HP(每2秒1次)，持续16秒,,,LV70
169293,avatars/169293.png,https://cdnimg.gamekee.com/wiki2.0/images/w_250/h_250/202/43637/2022/9/14/957903.png,传教的黛娜,光,史诗,赋予自身无效化，持续3秒,对4名随机盟友赋予屏障+ 1300(在HP受影响前，吸收所有敌方攻击伤害，无法与减益屏障同时启用)，持续16秒,,,,LV70
169295,avatars/169295.png,https://cdnimg.gamekee.com/wiki2.0/images/w_250/h_250/202/43637/2022/9/14/434523.png,守卫雷德克洛斯,暗,史诗,,对2名暗属性盟友赋予反射(反射10%受到的伤害)，持续16秒,,全体盟友的所有Skill伤害防御力+7.5%,,LV70
169297,avatars/169297.png,https://cdnimg.gamekee.com/wiki2.0/images/w_250/h_250/202/43637/2022/9/14/340159.png,A.I,暗,史诗,赋予自身挑衅(有75%的机率发动)，持续8秒,3名随机盟友防御力+25%，持续16秒,,,,LV70
169302,avatars/169302.png,https://cdnimg.gamekee.com/wiki2.0/images/w_250/h_250/202/43637/2022/9/14/880444.png,小小的迪娜希,火,史诗,赋予2名火属性盟友屏障+ 1300(在HP受影响前，吸收所有敌方攻击伤害， 无法与减益屏障同时启用)，持续10秒,3名火属性盟友获得40%双刃剑(增加攻击力， 降低防御力)，持续16秒,,,,LV70
169305,avatars/169305.png,https://cdnimg.gamekee.com/wiki2.0/images/w_250/h_250/202/43637/2022/9/14/232344.png,做梦的那伊阿得斯,水,史诗,2名盟友(高攻击力)的Skill量表充能速度+40%，持续10秒,发动几率: 75%3名水属性盟友的Skill冷却时间-1秒，持续2回合,,,,LV70
169307,avatars/169307.png,https://cdnimg.gamekee.com/wiki2.0/images/w_250/h_250/202/43637/2022/9/14/391352.png,独裁的伊莉莎白,暗,史诗,,,对4名随机敌人造成流血(每2秒造成70持续伤害)，持续18秒,暗属性盟友的Slide Slill伤害+7.5%,,LV70
169309,avatars/169309.png,https://cdnimg.gamekee.com/wiki2.0/images/w_250/h_250/202/43637/2022/9/14/267372.png,冒险家艾波娜,木,史诗,1名盟友(高攻击力)减益回避率+15%，持续10秒,,,木属性盟友的防御力+7.5%,,LV70
169310,avatars/169310.png,https://cdnimg.gamekee.com/wiki2.0/images/w_250/h_250/202/43637/2022/9/14/577510.png,优柔寡断的鲁萨尔卡,水,史诗,,2名盟友(低HP)持续回复+130HP(每2秒1次)，持续12秒,发动几率: 75%赋予2名盟友(低HP)不死(HP不会低于1)，持续16秒,,,LV70
169314,avatars/169314.png,https://cdnimg.gamekee.com/wiki2.0/images/w_250/h_250/202/43637/2022/9/14/830548.png,野生的芭丝黛特,光,史诗,对攻击目标中的暗属性敌人造成250加成伤害,对攻击目标中的2名随机敌人造成失明(减少攻击命中率20%)，持续12秒,,,,LV70
169316,avatars/169316.png,https://cdnimg.gamekee.com/wiki2.0/images/w_250/h_250/202/43637/2022/9/14/660826.png,天真的绪林克斯,木,史诗,,发动几率:75%1名盟友(低HP)获得忍耐(16秒后或是受到4次物理攻击后移除)，持续16秒,2名盟友(低HP)持续回复+130HP(每2秒1次)， 持续16秒,,,LV70
169317,avatars/169317.png,https://cdnimg.gamekee.com/wiki2.0/images/w_250/h_250/202/43637/2022/9/14/571888.png,未知的桑纳托斯人偶,水,史诗,对2名敌人(高攻击力)造成中毒(每当目标行动时，造成400伤害，并在受到伤害时附加加成伤害)，持续3回合,LV1,LV1,水属性盟友的Drive Skill伤害+7.5%,,LV70
169318,avatars/169318.png,https://cdnimg.gamekee.com/wiki2.0/images/w_250/h_250/202/43637/2022/9/14/850085.png,无名的赛莲,木,史诗,自身获得吸血(攻击时回复300HP)，持续10秒,对攻击目标造成400加成伤害,,,,LV70
169319,avatars/169319.png,https://cdnimg.gamekee.com/wiki2.0/images/w_250/h_250/202/43637/2022/9/14/811839.png,驱魔师尼尔提,光,史诗,,有40%的机率对攻击目标中的1名随机敌人造成混乱，持续10秒,攻击目标中1名随机敌人的Drive量表-3.5%,,,LV70
169320,avatars/169320.png,https://cdnimg.gamekee.com/wiki2.0/images/w_250/h_250/202/43637/2022/9/14/310058.png,兰菲,暗,史诗,,攻击目标中1名随机敌人的Drive量表-3.5%,,全体敌人的攻击力-7.5%,,LV70
169321,avatars/169321.png,https://cdnimg.gamekee.com/wiki2.0/images/w_250/h_250/202/43637/2022/9/14/193526.png,迟疑的梅提斯,暗,史诗,,发动机率: 75%对1名盟友(低HP)赋予不死(HP不会低于1)，持续10秒,,对全体攻击型盟友赋予狂暴(攻击力+40%和无敌。效果结束时一律对目标造成5秒晕眩)，持续20秒,,LV70
169322,avatars/169322.png,https://cdnimg.gamekee.com/wiki2.0/images/w_250/h_250/202/43637/2022/9/14/693581.png,黑炎的赫斯提亚,火,史诗,,对攻击目标中的2名敌人(低HP)造成流血(每2秒70持续伤害)， 持续14秒,,火属性盟友的Drive Skill最终伤害+7.5%,,LV70
169324,avatars/169324.png,https://cdnimg.gamekee.com/wiki2.0/images/w_250/h_250/202/43637/2022/9/14/148505.png,歌唱的亚莉亚,光,史诗,赋予1名盟友(低HP)屏障+ 1300(在HP受影响前，吸收所有敌方攻击伤害，无法与减益屏障同时启用)，持续10秒,自身Drive量表+ 7%HP,,,,LV70
169325,avatars/169325.png,https://cdnimg.gamekee.com/wiki2.0/images/w_250/h_250/202/43637/2022/9/14/317289.png,无目标的潘迪恩,暗,史诗,1名攻击型盟友暴击率+20%，持续10秒,1名盟友(高攻击力)暴击最终伤害+30%，持续16秒,,,,LV70
169326,avatars/169326.png,https://cdnimg.gamekee.com/wiki2.0/images/w_250/h_250/202/43637/2022/9/14/865199.png,自负的赫拉,木,史诗,2名盟友(低HP)中毒伤害防御力20%， 持续10秒,3名盟友(低HP)获得所有Skill伤害防御力+ 15%(16秒后或是受到4次攻击后移除)，持续16秒,,,,LV70
169342,avatars/169342.png,https://cdnimg.gamekee.com/wiki2.0/images/w_250/h_250/202/43637/2022/9/14/352774.png,浪费家荷米斯,火,史诗,1名攻击型盟友攻击力+25%，持续10秒,,,火属性盟友的攻击力+7.5%,,LV70
169344,avatars/169344.png,https://cdnimg.gamekee.com/wiki2.0/images/w_250/h_250/202/43637/2022/9/14/371720.png,疾走的玛尔斯,水,史诗,将300吸收为自身的HP,赋予全体盟友屏障+1300(在HP受影响前，吸收所有敌方攻击伤害，无法与减益屏障同时启用)，持续16秒,,,,LV70
169197,avatars/169197.png,https://cdnimg.gamekee.com/wiki2.0/images/w_250/h_250/202/72324/2022/9/14/100580.png,沉默的红鼻子,木,稀有,,有45%的机会移除2名木属性盟友（减益状态）的1个减益,,,,LV70
169199,avatars/169199.png,https://cdnimg.gamekee.com/wiki2.0/images/w_250/h_250/202/72324/2022/9/14/747269.png,沉默的妖精,火,稀有,,,,火属性盟友的最大HP+700,,LV70
169200,avatars/169200.png,https://cdnimg.gamekee.com/wiki2.0/images/w_250/h_250/202/72324/2022/9/14/416697.png,守卫安卡,木,稀有,,,攻击目标的Drive量表-3%,,,LV70
169202,avatars/169202.png,https://cdnimg.gamekee.com/wiki2.0/images/w_250/h_250/202/72324/2022/9/14/305768.png,旁观者奥德修斯,木,稀有,2名盟友（低HP）回避率+12.5%，持续10秒,,,,,LV70
169203,avatars/169203.png,https://cdnimg.gamekee.com/wiki2.0/images/w_250/h_250/202/72324/2022/9/14/323856.png,拦网崔斯坦,木,稀有,,,,木属性盟友的 Slide Skill 最终伤害+5%,,LV70
169204,avatars/169204.png,https://cdnimg.gamekee.com/wiki2.0/images/w_250/h_250/202/72324/2022/9/14/12266.png,敬爱皮耶塔丝,暗,稀有,,对攻击目标中的光属性敌人造成350加成伤害,,,,LV70
169205,avatars/169205.png,https://cdnimg.gamekee.com/wiki2.0/images/w_250/h_250/202/72324/2022/9/14/817028.png,做梦的未知者,暗,稀有,2名暗属性盟友减益回避率+12.5%，持续10秒,,,,,LV70
169207,avatars/169207.png,https://cdnimg.gamekee.com/wiki2.0/images/w_250/h_250/202/72324/2022/9/14/664439.png,唱歌的芭丝特,光,稀有,2名光属性盟友弱点攻击防御力+12.5%，持续10秒,,,,,LV70
169208,avatars/169208.png,https://cdnimg.gamekee.com/wiki2.0/images/w_250/h_250/202/72324/2022/9/14/838872.png,暗夜祭泰风,暗,稀有,,,赋予2名暗属性盟友屏障+1150（在HP受影响前，吸收所有敌方攻击伤害，无法与减益屏障同时启用），持续20秒,,,LV70
169210,avatars/169210.png,https://cdnimg.gamekee.com/wiki2.0/images/w_250/h_250/202/72324/2022/9/14/328967.png,一触即发的达奴,水,稀有,对攻击目标中的火属性敌人造成225加成伤害,,,,,LV70
169211,avatars/169211.png,https://cdnimg.gamekee.com/wiki2.0/images/w_250/h_250/202/72324/2022/9/14/896242.png,斗志高昂的海克力士,光,稀有,,赋予自身挑衅（有70%的机率发动），持续12秒,,,,LV70
169212,avatars/169212.png,https://cdnimg.gamekee.com/wiki2.0/images/w_250/h_250/202/72324/2022/9/14/481288.png,电光阿尔戈斯,水,稀有,,,攻击目标中2名随机敌人的 Skill 量表充能量-17.5%，持续16秒,,,LV70
169213,avatars/169213.png,https://cdnimg.gamekee.com/wiki2.0/images/w_250/h_250/202/72324/2022/9/14/884788.png,幻想的达芙妮,火,稀有,,为2名盟友（低HP）回复+1050HP,,,,LV70
169214,avatars/169214.png,https://cdnimg.gamekee.com/wiki2.0/images/w_250/h_250/202/72324/2022/9/14/905954.png,虚假的海翠克,木,稀有,,,赋予全体木属性盟友吸血（攻击时回复500HP），持续20秒,,,LV70
169215,avatars/169215.png,https://cdnimg.gamekee.com/wiki2.0/images/w_250/h_250/202/72324/2022/9/14/210266.png,不请自来的鲁道夫,火,稀有,,有35%的机率赋予自身攻守互换（攻击力和防御力数值互换），持续12秒,,,,LV70
169216,avatars/169216.png,https://cdnimg.gamekee.com/wiki2.0/images/w_250/h_250/202/72324/2022/9/14/487105.png,恍惚的艾德拉多,火,稀有,赋予自身挑衅（有70%的机率发动），持续8秒,,,,,LV70
169217,avatars/169217.png,https://cdnimg.gamekee.com/wiki2.0/images/w_250/h_250/202/72324/2022/9/14/997283.png,异界的梅林,光,稀有,,,,光属性盟友的减益回避率+5%,,LV70
169218,avatars/169218.png,https://cdnimg.gamekee.com/wiki2.0/images/w_250/h_250/202/72324/2022/9/14/880378.png,沉默的厄洛斯,暗,稀有,,,为2名盟友（低HP）回复+1050HP,,,LV70
169219,avatars/169219.png,https://cdnimg.gamekee.com/wiki2.0/images/w_250/h_250/202/72324/2022/9/14/563369.png,小公主希栢利,暗,稀有,自身获得吸血（攻击时回复250HP），持续10秒,,,,,LV70
169220,avatars/169220.png,https://cdnimg.gamekee.com/wiki2.0/images/w_250/h_250/202/72324/2022/9/14/799514.png,模仿的伊西斯,水,稀有,为1名盟友（低HP）回复+325HP,,,,,LV70
169221,avatars/169221.png,https://cdnimg.gamekee.com/wiki2.0/images/w_250/h_250/202/72324/2022/9/14/6531.png,鲁莽的赫尔莫德,光,稀有,,赋予自身激怒（最多累积150%所受伤害，并一次回击），持续1阶段,,,,LV70
169222,avatars/169222.png,https://cdnimg.gamekee.com/wiki2.0/images/w_250/h_250/202/72324/2022/9/14/857953.png,闪耀的尤娜,火,稀有,,对攻击目标中的木属性敌人造成350加成伤害,,,,LV70
169223,avatars/169223.png,https://cdnimg.gamekee.com/wiki2.0/images/w_250/h_250/202/72324/2022/9/14/123448.png,盛夏希比,水,稀有,,,,水属性盟友的中毒伤害+80,,LV70
169224,avatars/169224.png,https://cdnimg.gamekee.com/wiki2.0/images/w_250/h_250/202/72324/2022/9/14/739234.png,小丑伊南娜,暗,稀有,对攻击目标造成225无视防御伤害,,,,,LV70
169225,avatars/169225.png,https://cdnimg.gamekee.com/wiki2.0/images/w_250/h_250/202/72324/2022/9/14/846442.png,决战的提泰妮亚,光,稀有,,对攻击目标中的暗属性敌人造成350加成伤害,,,,LV70
169226,avatars/169226.png,https://cdnimg.gamekee.com/wiki2.0/images/w_250/h_250/202/72324/2022/9/14/407179.png,固执的弗林斯,火,稀有,,有35%的机率对攻击目标中的1名随机敌人造成晕眩（受到攻击时额外晕眩1秒，5秒为上限），持续4秒,,,,LV70
169227,avatars/169227.png,https://cdnimg.gamekee.com/wiki2.0/images/w_250/h_250/202/72324/2022/9/14/325700.png,独善其身的阿顿,暗,稀有,,赋予自身反射（反射8%受到的伤害），持续16秒,,,,LV70
169228,avatars/169228.png,https://cdnimg.gamekee.com/wiki2.0/images/w_250/h_250/202/72324/2022/9/14/176561.png,热血的阿伽门农,木,稀有,,,攻击目标的Skill量表充能量-17.5%，持续16秒,,,LV70
169229,avatars/169229.png,https://cdnimg.gamekee.com/wiki2.0/images/w_250/h_250/202/72324/2022/9/14/622448.png,梦幻的万圣节,水,稀有,,赋予自身挑衅（有70%的机率发动），持续12秒,,,,LV70
169230,avatars/169230.png,https://cdnimg.gamekee.com/wiki2.0/images/w_250/h_250/202/72324/2022/9/14/84159.png,束缚的蕾蒂,火,稀有,,赋予自身屏障+1150（在HP受影响前，吸收所有敌方攻击伤害，无法与减益屏障同时启用），持续16秒,,,,LV70
169231,avatars/169231.png,https://cdnimg.gamekee.com/wiki2.0/images/w_250/h_250/202/72324/2022/9/14/869330.png,黎明的断头台,暗,稀有,对攻击目标中的光属性敌人造成225加成伤害,,,,,LV70
169232,avatars/169232.png,https://cdnimg.gamekee.com/wiki2.0/images/w_250/h_250/202/72324/2022/9/14/107372.png,镜之维多莉丝,光,稀有,,有100%的机率对攻击目标造成禁止回复（吸血/HP吸取除外），持续12秒,,,,LV70
169233,avatars/169233.png,https://cdnimg.gamekee.com/wiki2.0/images/w_250/h_250/202/72324/2022/9/14/294738.png,流浪的艾莉希恩,水,稀有,,对攻击目标造成中毒（每当目标行动时，造成350伤害，并在受到伤害时附加加成伤害），持续3回合,,,,LV70
169234,avatars/169234.png,https://cdnimg.gamekee.com/wiki2.0/images/w_250/h_250/202/72324/2022/9/14/18218.png,啦啦队长塔莉亚,火,稀有,,,2名盟友（高攻击力）攻击力+22.5%，持续20秒,,,LV70
169235,avatars/169235.png,https://cdnimg.gamekee.com/wiki2.0/images/w_250/h_250/202/72324/2022/9/14/262243.png,束缚的伊丝塔,光,稀有,,,,全体敌人的减益回避率-5%,,LV70
169236,avatars/169236.png,https://cdnimg.gamekee.com/wiki2.0/images/w_250/h_250/202/72324/2022/9/14/923204.png,仿生人撒拉,水,稀有,,,2名水属性盟友防御力+22.5%，持续20秒,,,LV70
169237,avatars/169237.png,https://cdnimg.gamekee.com/wiki2.0/images/w_250/h_250/202/72324/2022/9/14/153686.png,严厉的托特,水,稀有,自身所有Skill伤害防御力+12.5%，持续8秒,,,,,LV70
169238,avatars/169238.png,https://cdnimg.gamekee.com/wiki2.0/images/w_250/h_250/202/72324/2022/9/14/666715.png,独白的阿莫尔,木,稀有,,对攻击目标中的水属性敌人造成350加成伤害,,,,LV70
169239,avatars/169239.png,https://cdnimg.gamekee.com/wiki2.0/images/w_250/h_250/202/72324/2022/9/14/720853.png,花园的波摩纳,光,稀有,,,2名盟友（低HP）持续回复+120HP（每2秒1次），持续16秒,,,LV70
169240,avatars/169240.png,https://cdnimg.gamekee.com/wiki2.0/images/w_250/h_250/202/72324/2022/9/14/498716.png,暗夜的缪思,木,稀有,,,,水属性敌人的弱点防御力-5%,,LV70
169241,avatars/169241.png,https://cdnimg.gamekee.com/wiki2.0/images/w_250/h_250/202/72324/2022/9/14/408641.png,草原的芙萝拉,木,稀有,,2名木属性盟友防御力+22.5%，持续16秒,,,,LV70
169242,avatars/169242.png,https://cdnimg.gamekee.com/wiki2.0/images/w_250/h_250/202/72324/2022/9/14/636474.png,忠诚的雅加,水,稀有,,,,火属性敌人的Skill量表充能速度-5%,,LV70
169243,avatars/169243.png,https://cdnimg.gamekee.com/wiki2.0/images/w_250/h_250/202/72324/2022/9/14/617331.png,悲伤的商籁,水,稀有,对攻击目标造成中毒（每当目标行动时，造成350伤害，并在受到伤害时附加加成伤害），持续3回,,,,,LV70
169244,avatars/169244.png,https://cdnimg.gamekee.com/wiki2.0/images/w_250/h_250/202/72324/2022/9/14/880465.png,无聊的墨尔波墨涅,暗,稀有,,,1名盟友（高攻击力）Skill伤害+25%，持续20秒,,,LV70
169245,avatars/169245.png,https://cdnimg.gamekee.com/wiki2.0/images/w_250/h_250/202/72324/2022/9/14/447903.png,战场的涅伊特,火,稀有,对攻击目标造成225无视防御伤害,,,,,LV70
169246,avatars/169246.png,https://cdnimg.gamekee.com/wiki2.0/images/w_250/h_250/202/72324/2022/9/14/201029.png,巧手的卡尔克斯,光,稀有,,攻击目标的持续回复量-17.5%，持续12秒,,,,LV70
169247,avatars/169247.png,https://cdnimg.gamekee.com/wiki2.0/images/w_250/h_250/202/72324/2022/9/14/373910.png,努力的奎里努斯,水,稀有,,2名水属性盟友的Skill量表充能速度+37.5%，持续16秒,,,,LV70
169248,avatars/169248.png,https://cdnimg.gamekee.com/wiki2.0/images/w_250/h_250/202/72324/2022/9/14/29445.png,探险家芬里尔,火,稀有,对攻击目标中的木属性敌人造成225加成伤害,,,,,LV70
169249,avatars/169249.png,https://cdnimg.gamekee.com/wiki2.0/images/w_250/h_250/202/72324/2022/9/14/211072.png,挑战者安布罗西亚,木,稀有,,,,木属性盟友的Slide skill伤害+5%,,LV70
169250,avatars/169250.png,https://cdnimg.gamekee.com/wiki2.0/images/w_250/h_250/202/72324/2022/9/14/974769.png,盛开的艾拉托,光,稀有,有45%的机率移除1名盟友（持续伤害状态）的持续伤害效果,,,,,LV70
169251,avatars/169251.png,https://cdnimg.gamekee.com/wiki2.0/images/w_250/h_250/202/72324/2022/9/14/55571.png,羞怯的弗雷希亚,火,稀有,,,,全体敌人的防御力-5%,,LV70
169252,avatars/169252.png,https://cdnimg.gamekee.com/wiki2.0/images/w_250/h_250/202/72324/2022/9/14/98023.png,芬芳的欧罗巴,木,稀有,,,,赋予木属性盟友吸血（攻击时回复200HP）,,LV70
169253,avatars/169253.png,https://cdnimg.gamekee.com/wiki2.0/images/w_250/h_250/202/72324/2022/9/14/768073.png,逆袭的缇西福涅,木,稀有,,自身获得吸血（攻击时回复250HP），持续16秒,,,,LV70
169254,avatars/169254.png,https://cdnimg.gamekee.com/wiki2.0/images/w_250/h_250/202/72324/2022/9/14/775868.png,忧郁的尼曼,暗,稀有,,,攻击目标中2名敌人（高攻击力）的攻击力-15%，持续16秒,,,LV70
169255,avatars/169255.png,https://cdnimg.gamekee.com/wiki2.0/images/w_250/h_250/202/72324/2022/9/14/542300.png,愤怒的摩莉甘,暗,稀有,,,,暗属性盟友的Slide Skill伤害+5%,,LV70
169256,avatars/169256.png,https://cdnimg.gamekee.com/wiki2.0/images/w_250/h_250/202/72324/2022/9/14/31191.png,黎明普西芬尼,暗,稀有,,攻击目标的弱点防御-17.5%，持续12秒,,,,LV70
169257,avatars/169257.png,https://cdnimg.gamekee.com/wiki2.0/images/w_250/h_250/202/72324/2022/9/14/388561.png,流浪的少女侦探,光,稀有,,,攻击目标的回复量-17.5%，持续16秒,,,LV70
169258,avatars/169258.png,https://cdnimg.gamekee.com/wiki2.0/images/w_250/h_250/202/72324/2022/9/14/592091.png,暗夜塞勒涅,木,稀有,赋予1名盟友（低HP）屏障+1150（在HP受影响前，吸收所有敌方攻击伤害，无法与减益屏障同时启用），持续10秒,,,,,LV70
169259,avatars/169259.png,https://cdnimg.gamekee.com/wiki2.0/images/w_250/h_250/202/72324/2022/9/14/35340.png,成功的勒达,光,稀有,,2名盟友（低HP）持续回复量+17.5%，持续16秒,,,,LV70
169260,avatars/169260.png,https://cdnimg.gamekee.com/wiki2.0/images/w_250/h_250/202/72324/2022/9/14/278897.png,欣喜的厄俄斯,光,稀有,对攻击目标中的暗属性敌人造成225加成伤害,,,,,LV70
169262,avatars/169262.png,https://cdnimg.gamekee.com/wiki2.0/images/w_250/h_250/202/72324/2022/9/14/343206.png,懒散的玛雅乌尔,水,稀有,,1名盟友（高攻击力）的Skill量表充能量+32.5%，持续16秒,,,,LV70
169263,avatars/169263.png,https://cdnimg.gamekee.com/wiki2.0/images/w_250/h_250/202/72324/2022/9/14/401709.png,危险的福尔图娜,火,稀有,,有45%的机率移除2名盟友（混乱中）的混乱,,,,LV70
169264,avatars/169264.png,https://cdnimg.gamekee.com/wiki2.0/images/w_250/h_250/202/72324/2022/9/14/668329.png,小不点格蕾,木,稀有,对攻击目标中的水属性敌人造成225加成伤害,,,,,LV70
169265,avatars/169265.png,https://cdnimg.gamekee.com/wiki2.0/images/w_250/h_250/202/72324/2022/9/14/65769.png,暗夜的阿提蜜丝,暗,稀有,,对攻击目标造成350无视防御伤害,,,,LV70
169266,avatars/169266.png,https://cdnimg.gamekee.com/wiki2.0/images/w_250/h_250/202/72324/2022/9/14/758874.png,佣兵赫克特,火,稀有,,对攻击目标造成流血（每2秒造成60持续伤害），持续14秒,,,,LV70
169267,avatars/169267.png,https://cdnimg.gamekee.com/wiki2.0/images/w_250/h_250/202/72324/2022/9/14/208888.png,战士芙丽嘉,光,稀有,,,,光属性盟友的回避率+5%,,LV70
169289,avatars/169289.png,https://cdnimg.gamekee.com/wiki2.0/images/w_250/h_250/202/57/2022/9/14/317716.png,卑微的仙女琉刻,光,罕见,,,2名盟友（低HP）持续回复+110HP（每2秒1次），持续16秒,,,LV70
169291,avatars/169291.png,https://cdnimg.gamekee.com/wiki2.0/images/w_250/h_250/202/57/2022/9/14/583683.png,诅咒的斯库尔德,暗,罕见,,,攻击目标中的光属性敌人攻击力-12.5%，持续16秒,,,LV70
169294,avatars/169294.png,https://cdnimg.gamekee.com/wiki2.0/images/w_250/h_250/202/57/2022/9/14/360720.png,满月亚娜,光,罕见,,,攻击目标中的暗属性敌人敏捷度-5%，持续6秒,,,LV70
169296,avatars/169296.png,https://cdnimg.gamekee.com/wiki2.0/images/w_250/h_250/202/57/2022/9/14/910057.png,疾走的阿特丽波斯,木,罕见,,,对攻击目标中的水属性敌人造成500固定伤害,,,LV70
169298,avatars/169298.png,https://cdnimg.gamekee.com/wiki2.0/images/w_250/h_250/202/57/2022/9/14/871421.png,深渊的塔丽塔洛斯,火,罕见,赋予1名火属性盟友减益屏障+800（不能与吸收减益伤害的护盾共用，不能与其他屏障共用），持续10秒,,,,,LV70
169299,avatars/169299.png,https://cdnimg.gamekee.com/wiki2.0/images/w_250/h_250/202/57/2022/9/14/372972.png,奔跑的塞莎特,水,罕见,攻击目标的skill量表-15%,,,,,LV70
169301,avatars/169301.png,https://cdnimg.gamekee.com/wiki2.0/images/w_250/h_250/202/57/2022/9/14/492737.png,花园的伊登,暗,罕见,,对攻击目标造成500固定伤害,,,,LV70
169303,avatars/169303.png,https://cdnimg.gamekee.com/wiki2.0/images/w_250/h_250/202/57/2022/9/14/788698.png,突击阿塔兰塔,水,罕见,对攻击目标造成200加成伤害,,,,,LV70
169304,avatars/169304.png,https://cdnimg.gamekee.com/wiki2.0/images/w_250/h_250/202/57/2022/9/14/819657.png,海市蜃楼魔甘娜,光,罕见,1名盟友（低HP）持续回复量+15%，持续10秒,,,,,LV70
169306,avatars/169306.png,https://cdnimg.gamekee.com/wiki2.0/images/w_250/h_250/202/57/2022/9/14/190426.png,开心的欧洛斯,水,罕见,,1名水属性盟友的skill量表充能量+30%，持续16秒,,,,LV70
169308,avatars/169308.png,https://cdnimg.gamekee.com/wiki2.0/images/w_250/h_250/202/57/2022/9/14/843717.png,狂暴的巴耳,暗,罕见,,,,赋予自身反射（反射4%受到的伤害）,,LV70
169312,avatars/169312.png,https://cdnimg.gamekee.com/wiki2.0/images/w_250/h_250/202/57/2022/9/14/251607.png,聆听的阿瑞图萨,木,罕见,攻击目标的弱点防御-15%，持续8秒,,,,,LV70
169315,avatars/169315.png,https://cdnimg.gamekee.com/wiki2.0/images/w_250/h_250/202/57/2022/9/14/512270.png,再生的兀儿肯,水,罕见,对攻击目标中的1名随机敌人造成中毒（每当目标行动时，造成300伤害，并在受到伤害时附加加成伤害），持续3回合,,,,,LV70
169328,avatars/169328.png,https://cdnimg.gamekee.com/wiki2.0/images/w_250/h_250/202/57/2022/9/14/651225.png,暗夜的提亚玛特,火,罕见,,,攻击目标的防御力-5%，持续16秒,,,LV70
169330,avatars/169330.png,https://cdnimg.gamekee.com/wiki2.0/images/w_250/h_250/202/57/2022/9/14/368491.png,猶大,火,罕见,,赋予1名火属性盟友屏障+1000（在HP受影响前，吸收所有敌方攻击伤害，无法与建议屏障同时启用），持续16秒,,,,LV70
169331,avatars/169331.png,https://cdnimg.gamekee.com/wiki2.0/images/w_250/h_250/202/57/2022/9/14/860455.png,邻居处容,光,罕见,,,,光属性盟友的敏捷度+4%,,LV70
169333,avatars/169333.png,https://cdnimg.gamekee.com/wiki2.0/images/w_250/h_250/202/57/2022/9/14/464085.png,梦想的黑卡蒂,水,罕见,,,,火属性敌人的skill量表充能速度-4%,,LV70
169334,avatars/169334.png,https://cdnimg.gamekee.com/wiki2.0/images/w_250/h_250/202/57/2022/9/14/47269.png,燃烧的菲尼克斯,火,罕见,,赋予自身挑衅（有65%的概率发动），持续12秒,,,,LV70
169335,avatars/169335.png,https://cdnimg.gamekee.com/wiki2.0/images/w_250/h_250/202/57/2022/9/14/805631.png,灼热的派罗,火,罕见,,,全体火属性盟友TS伤害+20%，持续20秒,,,LV70
169336,avatars/169336.png,https://cdnimg.gamekee.com/wiki2.0/images/w_250/h_250/202/57/2022/9/14/559790.png,破坏的塞赫麦特,火,罕见,,对攻击目标的木属性敌人造成回避率-5%，持续12秒,,,,LV70
169337,avatars/169337.png,https://cdnimg.gamekee.com/wiki2.0/images/w_250/h_250/202/57/2022/9/14/72516.png,捕捉的克拉托斯,暗,罕见,自身SS伤害+20%，持续10秒,,,,,LV70
169338,avatars/169338.png,https://cdnimg.gamekee.com/wiki2.0/images/w_250/h_250/202/57/2022/9/14/4636.png,暗夜祭梅迪,火,罕见,,有100%的几率对攻击目标造成禁止回复（吸血/HP吸取除外），持续12秒启动概率：65%,,,,LV70
169340,avatars/169340.png,https://cdnimg.gamekee.com/wiki2.0/images/w_250/h_250/202/57/2022/9/14/299689.png,夜下少女许普诺斯,火,罕见,,,,火属性盟友的攻击力+4%,,LV70
169341,avatars/169341.png,https://cdnimg.gamekee.com/wiki2.0/images/w_250/h_250/202/57/2022/9/14/937034.png,战士瓦尔基丽,暗,罕见,自身暴击+14%，持续10秒,,,,,LV70
169343,avatars/169343.png,https://cdnimg.gamekee.com/wiki2.0/images/w_250/h_250/202/57/2022/9/14/828661.png,名将吉妮丝,暗,罕见,,对攻击目标中的光属性敌人造成300加成伤害,,,,LV70
169345,avatars/169345.png,https://cdnimg.gamekee.com/wiki2.0/images/w_250/h_250/202/57/2022/9/14/50652.png,你的萨耳玛西斯,光,罕见,,1名光属性盟友回复量+15%，持续16秒,,,,LV70
169346,avatars/169346.png,https://cdnimg.gamekee.com/wiki2.0/images/w_250/h_250/202/57/2022/9/14/126337.png,创造的巴风特,水,罕见,,,,水属性盟友的防御力+4%,,LV70
169347,avatars/169347.png,https://cdnimg.gamekee.com/wiki2.0/images/w_250/h_250/202/57/2022/9/14/337281.png,求道者以利亚,暗,罕见,,1名暗属性盟友暴击率+15%，持续16秒,,,,LV70
169349,avatars/169349.png,https://cdnimg.gamekee.com/wiki2.0/images/w_250/h_250/202/57/2022/9/14/25816.png,闪耀的阿波罗,木,罕见,,,2名木属性盟友弱点攻击防御力+10%，持续20秒,,,LV70
169350,avatars/169350.png,https://cdnimg.gamekee.com/wiki2.0/images/w_250/h_250/202/57/2022/9/14/714344.png,报复的美狄亚,暗,罕见,自身暴击率+15%，持续10秒,,,,,LV70
169351,avatars/169351.png,https://cdnimg.gamekee.com/wiki2.0/images/w_250/h_250/202/57/2022/9/14/572035.png,热血的维斯塔,火,罕见,,自身TS伤害+20%，持续16秒,,,,LV70
169352,avatars/169352.png,https://cdnimg.gamekee.com/wiki2.0/images/w_250/h_250/202/57/2022/9/14/689121.png,调味的高嘉,水,罕见,,,有40%的概率移除攻击目标的1个增益,,,LV70
169353,avatars/169353.png,https://cdnimg.gamekee.com/wiki2.0/images/w_250/h_250/202/57/2022/9/14/949114.png,毒舌的巴里斯,木,罕见,,,,水属性敌人的弱点防御力-4%,,LV70
169354,avatars/169354.png,https://cdnimg.gamekee.com/wiki2.0/images/w_250/h_250/202/57/2022/9/14/322453.png,断连的忒弥斯,光,罕见,,自身敏捷度+14%，持续16秒,,,,LV70
169357,avatars/169357.png,https://cdnimg.gamekee.com/wiki2.0/images/w_250/h_250/202/57/2022/9/14/461652.png,修复的卜塔,木,罕见,,,,木属性盟友的防御力+4%,,LV70
169358,avatars/169358.png,https://cdnimg.gamekee.com/wiki2.0/images/w_250/h_250/202/57/2022/9/14/471447.png,牺牲的贞德,水,罕见,,,有40%的几率移除2名盟友（受到减益）的1个减益,,,LV70
169359,avatars/169359.png,https://cdnimg.gamekee.com/wiki2.0/images/w_250/h_250/202/57/2022/9/14/958143.png,守护的传奇,暗,罕见,,对攻击目标中的光属性敌人造成300无视防御伤害,,,,LV70
169360,avatars/169360.png,https://cdnimg.gamekee.com/wiki2.0/images/w_250/h_250/202/57/2022/9/14/773712.png,狂言的比利特,光,罕见,,1名光属性盟友持续回复量+15%，持续16秒,,,,LV70
169362,avatars/169362.png,https://cdnimg.gamekee.com/wiki2.0/images/w_250/h_250/202/57/2022/9/14/516664.png,守序的沙玛什,火,罕见,对攻击目标中的1个随机敌人造成流血（每2秒50持续伤害），持续10秒,,,,,LV70
169363,avatars/169363.png,https://cdnimg.gamekee.com/wiki2.0/images/w_250/h_250/202/57/2022/9/14/82557.png,恶毒的卡莉普索,水,罕见,,,对攻击目标造成中毒（每当目标行动时，造成300伤害，并在受到伤害时附加加成伤害），持续4回合,,,LV70
169364,avatars/169364.png,https://cdnimg.gamekee.com/wiki2.0/images/w_250/h_250/202/57/2022/9/14/944054.png,怠惰的缪妮摩西妮,水,罕见,攻击目标中1名随机敌人的skill量表充能速度-15%，持续8秒,,,,,LV70
169367,avatars/169367.png,https://cdnimg.gamekee.com/wiki2.0/images/w_250/h_250/202/57/2022/9/14/860578.png,静谧的戴安娜,木,罕见,,,对2名木属性盟友赋予屏障+1000（在HP受影响前，吸收所有敌方攻击伤害，无法与减益屏障同时启用），持续20秒,,,LV70
169368,avatars/169368.png,https://cdnimg.gamekee.com/wiki2.0/images/w_250/h_250/202/57/2022/9/14/210581.png,活跃的阿莱克托,暗,罕见,1名盟友（低HP）减益回避率+10%，持续10秒,,,,,LV70
169369,avatars/169369.png,https://cdnimg.gamekee.com/wiki2.0/images/w_250/h_250/202/57/2022/9/14/764509.png,天真的弗蕾亚,木,罕见,攻击时恢复HP200点,,,,,LV70
169370,avatars/169370.png,https://cdnimg.gamekee.com/wiki2.0/images/w_250/h_250/202/57/2022/9/14/967538.png,觉醒的辛西亚,暗,罕见,1名暗属性盟友暴击最终伤害+20%，持续10秒,,,,,LV70
169371,avatars/169371.png,https://cdnimg.gamekee.com/wiki2.0/images/w_250/h_250/202/57/2022/9/14/86761.png,激情的厄里丝,木,罕见,治疗只身+300HP,,,,,LV70
169372,avatars/169372.png,https://cdnimg.gamekee.com/wiki2.0/images/w_250/h_250/202/57/2022/9/14/360237.png,看门犬库西,光,罕见,,赋予自身激怒（最多累积125%所受伤害，并一次回击），持续1阶段,,,,LV70
169373,avatars/169373.png,https://cdnimg.gamekee.com/wiki2.0/images/w_250/h_250/202/57/2022/9/14/103791.png,奉仕的迪诺,水,罕见,,1名盟友（受到减益）持续回复+110HP（每2秒1次），持续12秒,,,,LV70
169374,avatars/169374.png,https://cdnimg.gamekee.com/wiki2.0/images/w_250/h_250/202/57/2022/9/14/893802.png,虚张声势的狄蜜特,火,罕见,,为1名盟友（低HP）回复+900HP,,,,LV70
169375,avatars/169375.png,https://cdnimg.gamekee.com/wiki2.0/images/w_250/h_250/202/57/2022/9/14/107924.png,妲比,火,罕见,,,对攻击目标造成流血（每2秒造成50持续伤害），持续18秒,,,LV70
169376,avatars/169376.png,https://cdnimg.gamekee.com/wiki2.0/images/w_250/h_250/202/57/2022/9/14/293096.png,丽莎,水,罕见,,全体盟友skill伤害+20%，持续16秒,,,,LV70
169377,avatars/169377.png,https://cdnimg.gamekee.com/wiki2.0/images/w_250/h_250/202/57/2022/9/14/245195.png,莫娜,暗,罕见,自身获得吸血（攻击时回复200HP），持续10秒,,,,,LV70
169382,avatars/169382.png,https://cdnimg.gamekee.com/wiki2.0/images/w_250/h_250/202/72324/2022/9/14/701368.png,好孩子的礼物袋,暗,常见,,,,全体盟友的暴击率+3%,,LV70
169385,avatars/169385.png,https://cdnimg.gamekee.com/wiki2.0/images/w_250/h_250/202/72324/2022/9/14/344891.png,冰王苍龙,水,常见,,赋予自身屏障+800（在HP受影响前，吸收所有敌方攻击伤害，无法与减益屏障同时启用），持续16秒,,,,LV70
169389,avatars/169389.png,https://cdnimg.gamekee.com/wiki2.0/images/w_250/h_250/202/72324/2022/9/14/96886.png,黑羽的暗隆,暗,常见,1名暗属性盟友减益命中率+1%，持续10秒,,,,,LV70
169391,avatars/169391.png,https://cdnimg.gamekee.com/wiki2.0/images/w_250/h_250/202/72324/2022/9/14/613361.png,光羽的光隆,光,常见,1名光属性盟友命中率+5%，持续10秒,,,,,LV70
169393,avatars/169393.png,https://cdnimg.gamekee.com/wiki2.0/images/w_250/h_250/202/72324/2022/9/14/459797.png,绿羽的草隆,木,常见,1名木属性盟友弱点攻击最终伤害+10%，持续10秒,,,,,LV70
169396,avatars/169396.png,https://cdnimg.gamekee.com/wiki2.0/images/w_250/h_250/202/72324/2022/9/14/417374.png,红羽的火隆,火,常见,1名火属性盟友攻击力+15%，持续10秒,,,,,LV70
169399,avatars/169399.png,https://cdnimg.gamekee.com/wiki2.0/images/w_250/h_250/202/72324/2022/9/14/140827.png,水羽的波隆,水,常见,1名水属性盟友的Skill量表+3%,,,,,LV70
169402,avatars/169402.png,https://cdnimg.gamekee.com/wiki2.0/images/w_250/h_250/202/72324/2022/9/14/662461.png,紫色的复仇女孩,暗,常见,,,攻击目标的攻击力-10%，持续16秒,,,LV70
169405,avatars/169405.png,https://cdnimg.gamekee.com/wiki2.0/images/w_250/h_250/202/72324/2022/9/14/986638.png,发光的复仇女孩,光,常见,,,攻击目标的减益回避率-2%，持续16秒,,,LV70
169407,avatars/169407.png,https://cdnimg.gamekee.com/wiki2.0/images/w_250/h_250/202/72324/2022/9/14/964169.png,绿色的复仇女孩,木,常见,,,攻击目标的弱点防御-10%，持续16秒,,,LV70
169410,avatars/169410.png,https://cdnimg.gamekee.com/wiki2.0/images/w_250/h_250/202/72324/2022/9/14/628612.png,红色的复仇女孩,火,常见,,,攻击目标的防御力2%，持续16秒,,,LV70
169380,avatars/169380.png,https://cdnimg.gamekee.com/wiki2.0/images/w_250/h_250/202/43637/2022/9/14/417260.png,蓝色的复仇女孩,水,常见,,,攻击目标的Skill量表充能速度10%，持续16秒,,,LV70
169383,avatars/169383.png,https://cdnimg.gamekee.com/wiki2.0/images/w_250/h_250/202/43637/2022/9/14/842911.png,暗黑的看守者,暗,常见,,,赋予自身反射(反射5%受到的伤害)，持续20秒,,,LV70
169386,avatars/169386.png,https://cdnimg.gamekee.com/wiki2.0/images/w_250/h_250/202/43637/2022/9/14/118165.png,光明的看守者,光,常见,,1名光属性盟友的所有Skill伤害防御力+5%，持续12秒,,,,LV70
169388,avatars/169388.png,https://cdnimg.gamekee.com/wiki2.0/images/w_250/h_250/202/43637/2022/9/14/388151.png,绿色的看守者,木,常见,,赋予1名木属性盟友吸血(攻击时回复100HP)，持续16秒,,,,LV70
169390,avatars/169390.png,https://cdnimg.gamekee.com/wiki2.0/images/w_250/h_250/202/43637/2022/9/14/346999.png,红色的看守者,火,常见,,赋予1名火属性盟友屏障+800(在HP受影响前，吸收所有敌方攻击伤害，无法与减益屏障同时启用)，持续16秒,,,,LV70
169394,avatars/169394.png,https://cdnimg.gamekee.com/wiki2.0/images/w_250/h_250/202/43637/2022/9/14/19607.png,蓝色的看守者,水,常见,,1名水属性盟友防御力+15%，持续16秒,,,,LV70
169397,avatars/169397.png,https://cdnimg.gamekee.com/wiki2.0/images/w_250/h_250/202/43637/2022/9/14/234490.png,吵杂的毛球毛球,,常见,赋予自身屏障+800(在HP受影响前，吸收所有敌方攻击伤害， 无法与减益屏障同时启用)，持续10秒,,,,,LV70
169403,avatars/169403.png,https://cdnimg.gamekee.com/wiki2.0/images/w_250/h_250/202/63428/2022/9/16/311367.png,热血的封箱者,光,常见,1名光属性盟友敏捷度+11%，持续10秒,,,,,LV70
169408,avatars/169408.png,https://cdnimg.gamekee.com/wiki2.0/images/w_250/h_250/202/43637/2022/9/14/26004.png,惊人的宝箱怪,,常见,,攻击目标的防御力-2%，持续12秒,,,,LV70
169411,avatars/169411.png,https://cdnimg.gamekee.com/wiki2.0/images/w_250/h_250/202/43637/2022/9/14/319618.png,球鞋斗土,火,常见,,,,火属性盟友的Tap Skill伤害+3%,,LV70
169413,avatars/169413.png,https://cdnimg.gamekee.com/wiki2.0/images/w_250/h_250/202/43637/2022/9/14/497300.png,疯狂兔兔阿姆斯,光,常见,,赋予自身激怒(最多累积100%所受伤害，并一次回击)，持续1阶段,,,,LV70
169379,avatars/169379.png,https://cdnimg.gamekee.com/wiki2.0/images/w_250/h_250/202/57/2022/9/14/277176.png,噩梦曼提,木,常见,对攻击目标造成150加成伤害,,,,,LV70
169381,avatars/169381.png,https://cdnimg.gamekee.com/wiki2.0/images/w_250/h_250/202/57/2022/9/14/607426.png,DJ赫兹,水,常见,随机1名盟友的skill量表充能速度+30%，持续10秒,,,,,LV70
169384,avatars/169384.png,https://cdnimg.gamekee.com/wiki2.0/images/w_250/h_250/202/57/2022/9/14/16045.png,嗡嗡的噪音,光,常见,,对攻击目标造成失明（减少攻击命中率10%），持续12秒,,,,LV70
169387,avatars/169387.png,https://cdnimg.gamekee.com/wiki2.0/images/w_250/h_250/202/57/2022/9/14/294255.png,束领结的侍者,木,常见,赋予1名自身以外的木属性盟友吸血（攻击时回复100HP），持续10秒,,,,,LV70
169392,avatars/169392.png,https://cdnimg.gamekee.com/wiki2.0/images/w_250/h_250/202/57/2022/9/14/227676.png,毒药安瓿,木,常见,,1名盟友（低HP）弱点攻击防御力+5%，持续16秒,,,,LV70
169395,avatars/169395.png,https://cdnimg.gamekee.com/wiki2.0/images/w_250/h_250/202/57/2022/9/14/226605.png,绿头盔巴祖卡,火,常见,,,对攻击目标造成流血（每2秒造成20持续伤害），持续18秒,,,LV70
169398,avatars/169398.png,https://cdnimg.gamekee.com/wiki2.0/images/w_250/h_250/202/57/2022/9/14/252689.png,沙漠的巴西利斯克,木,常见,,,攻击时回复200HP,,,LV70
169401,avatars/169401.png,https://cdnimg.gamekee.com/wiki2.0/images/w_250/h_250/202/57/2022/9/14/690723.png,泛用型锁链杀手,暗,常见,自身所有skill伤害防御力+5%，持续8秒,,,,,LV70
169404,avatars/169404.png,https://cdnimg.gamekee.com/wiki2.0/images/w_250/h_250/202/57/2022/9/14/634242.png,破坏的卡利宇迦,光,常见,赋予自身激怒（最多累积100%所受伤害，并一次回击），持续1阶段,,,,,LV70
169406,avatars/169406.png,https://cdnimg.gamekee.com/wiki2.0/images/w_250/h_250/202/57/2022/9/14/810637.png,声音传讯者,暗,常见,自身防御力+15%，持续10秒,,,,,LV70
169409,avatars/169409.png,https://cdnimg.gamekee.com/wiki2.0/images/w_250/h_250/202/57/2022/9/14/726917.png,四分五裂泰迪,光,常见,,,,光属性盟友的回避率+3%,,LV70
169412,avatars/169412.png,https://cdnimg.gamekee.com/wiki2.0/images/w_250/h_250/202/57/2022/9/14/337483.png,冷酷的冰龙,水,常见,,赋予自身挑衅（有60%的几率发动），持续12秒,,,,LV70
169414,avatars/169414.png,https://cdnimg.gamekee.com/wiki2.0/images/w_250/h_250/202/57/2022/9/14/66162.png,愤怒的炎龙,火,常见,,自身所有skill伤害防御力+5%，持续12秒,,,,LV70
