content_id,avatar_file,avatar_url,name,rarity,stat_pair,element_gate,role_gate,mode_gate,collab,special,plain_hp_init,plain_atk_init,plain_def_init,plain_agl_init,plain_crt_init,plain_hp_max,plain_atk_max,plain_def_max,plain_agl_max,plain_crt_max,flash_hp_init,flash_atk_init,flash_def_init,flash_agl_init,flash_crt_init,flash_hp_max,flash_atk_max,flash_def_max,flash_agl_max,flash_crt_max
595283,avatars/595283.png,https://cdnimg.gamekee.com/wiki2.0/images/w_250/h_250/202/236746/2023/6/19/972547.png,炎热夏日,5星,血攻,水,通用,通用,否,全部能力增加（普：250/350），被攻击时，恢复(普：190/210）HP,1342,792,,,,,,,,,1448,850,,,,,,,,
593141,avatars/593141.png,https://cdnimg.gamekee.com/wiki2.0/images/w_250/h_250/202/236746/2023/5/21/24105.png,坐在阳伞下,5星,血攻,通用,攻击,pvp,否,在PVP中装备时，攻击时回复300/325HP，有15/17%的几率移除增益,1342,792,,,,,,,,,1448,850,,,,,,,,
593125,avatars/593125.png,https://cdnimg.gamekee.com/wiki2.0/images/w_250/h_250/202/236746/2023/5/21/146863.png,海边的水枪大战,5星,攻暴,水,通用,5人巨型boss,否,5人巨型boss，装备时暴击时的加成伤害增加（普：15%/；闪：17%/）,,715,,,425,,,,,,,768,,,449,,,,,
591538,avatars/591538.png,https://cdnimg.gamekee.com/wiki2.0/images/w_250/h_250/202/236746/2023/4/27/229141.png,社长，打得好！,5星,血攻,暗,通用,5人巨型boss,否,在5人巨型boss中装备时，skill量表充能速度增加（普：10%/；闪：11%/）,1215,715,,,,,,,,,1311,768,,,,,,,,
589623,avatars/589623.png,https://cdnimg.gamekee.com/wiki2.0/images/w_250/h_250/202/236746/2023/3/26/226969.png,魔王后裔,5星,血攻,光,通用,5人巨型boss,否,在5人巨型boss中，攻击时回复HP（普：300/；闪：325/）,1200,700,,,,,,,,,1296,753,,,,,,,,
587029,avatars/587029.png,https://cdnimg.gamekee.com/wiki2.0/images/w_250/h_250/202/236746/2023/2/29/129018.png,莉莎的撞球技术,5星,血攻,火,通用,5人巨型boss,否,装备时，在5人巨型boss中发动攻击时回复HP（普：300/；闪：325/）,1200,700,,,,,,,,,1296,753,,,,,,,,
584753,avatars/584753.png,https://cdnimg-v2.gamekee.com/wiki2.0/images/w_614/h_1024/202/40405/2023/1/28/627766.png,天才美少年的时间,5星,血防,暗,通用,pvp,否,装备时，在pvp中增加skill量表充能速度（普：5%/；闪：6%/）,1200,,660,,,,,,,,1296,,714,,,,,,,
584752,avatars/584752.png,https://cdnimg.gamekee.com/wiki2.0/images/w_250/h_250/202/236746/2023/1/28/383065.png,我们一起度过的冬天,5星,血攻,水,通用,5人巨型boss,否,装备时，在5人巨型boss中发动攻击时回复HP（普：300/；闪：325/）,1200,700,,,,,,,,,1296,753,,,,,,,,
582294,avatars/582294.png,https://cdnimg.gamekee.com/wiki2.0/images/w_250/h_250/202/40405/2023/1/1/17720.png,平静的绵羊牧场,5星,血防,通用,通用,20人巨型boss,否,在20人巨型boss时，装备时增加减益回避率（普：13%/；闪：15%/）,1200,,660,,,,,,,,1296,,714,,,,,,,
582300,avatars/582300.png,https://cdnimg.gamekee.com/wiki2.0/images/w_250/h_250/202/40405/2023/1/1/893756.png,如炎般光辉,5星,攻敏,火,通用,pve,否,装备时，在PVE中持续伤害增加（普：250/；闪：300/）,,700,,390,,,,,,,,753,,424,,,,,,
582298,avatars/582298.png,https://cdnimg.gamekee.com/wiki2.0/images/w_250/h_250/202/40405/2023/1/1/462979.png,亡命之徒,5星,血防,通用,防御,pvp,否,装备时，在PVP中持续伤害减益回避率增加（普：15%/；闪：16%/）,1200,,660,,,,,,,,1296,,714,,,,,,,
582301,avatars/582301.png,https://cdnimg.gamekee.com/wiki2.0/images/w_250/h_250/202/236746/2023/1/1/666909.png,礼物已经到了,5星,血防,通用,干扰,太空漫步,否,装备时，在太空漫步中发动攻击时回复HP（普：300/；闪：325/）,1200,,660,,,,,,,,1296,,714,,,,,,,
582286,avatars/582286.png,https://cdnimg.gamekee.com/wiki2.0/images/w_250/h_250/202/40405/2023/1/1/774925.png,女神显现,5星,血敏,通用,辅助,pvp,否,在PVP中增加眩晕回避率（普：22%/；闪：23.5%/）,1200,,,390,,,,,,,1296,,,424,,,,,,
582285,avatars/582285.png,https://cdnimg-v2.gamekee.com/wiki2.0/images/w_614/h_1024/202/40405/2023/1/1/997603.png,被骑在头上的恶魔,5星,血敏,通用,通用,20人巨型boss,否,装备时，在20人巨型boss中减少诅咒伤害（普：150/；闪：170/）,1200,,,390,,,,,,,1296,,,424,,,,,,
582283,avatars/582283.png,https://cdnimg-v2.gamekee.com/wiki2.0/images/w_614/h_1024/202/40405/2023/1/1/282968.png,甜蜜的友情巧克力,5星,血敏,水,辅助,太空漫步,否,装备时，在太空漫步中减益回避率增加（普：13%/；闪：15%/）,1200,,,390,,,,,,,1296,,,424,,,,,,
582281,avatars/582281.png,https://cdnimg.gamekee.com/wiki2.0/images/w_250/h_250/202/40405/2023/1/1/58116.png,炼狱与地狱之间,5星,血攻,木,通用,5人巨型boss,否,装备时，在5人巨型boss中增加Skill量表充能速度（普：10/；闪：11/）,1200,700,,,,,,,,,1296,753,,,,,,,,
580155,avatars/580155.png,https://cdnimg.gamekee.com/wiki2.0/images/w_250/h_250/202/236746/2023/0/4/911324.png,来多点酒！,5星,血防,木,通用,pvp,否,准备时，在pvp中增加skill量表充能速度（普：5%/；闪：6%/）,1200,,660,,,,,,,,1296,,714,,,,,,,
580154,avatars/580154.png,https://cdnimg.gamekee.com/wiki2.0/images/w_250/h_250/202/236746/2023/0/4/124141.png,贵公子的新年,5星,攻敏,暗,攻击,5人巨型boss,否,在5人巨型boss装备时，增加最大攻击力（普：9%/；闪：11%/）,,700,,390,,,,,,,,753,,424,,,,,,
578000,avatars/578000.png,https://cdnimg.gamekee.com/wiki2.0/images/w_250/h_250/202/236746/2022/11/8/878727.png,多事的跨年晚会,5星,血防,通用,通用,通用,否,装备时，增加回复量9（10）%和持续回复量9（10）%,1200,,660,,,,,,,,1296,,714,,,,,,,
577999,avatars/577999.png,https://cdnimg.gamekee.com/wiki2.0/images/w_250/h_250/202/236746/2022/11/8/933482.png,妲比的特别派对时间,5星,攻暴,通用,攻击,pve,否,装备时，在pve中增加暴击率4（5）%和暴击伤害9（10）%,,700,,,410,,,,,,,753,,,434,,,,,
577997,avatars/577997.png,https://cdnimg.gamekee.com/wiki2.0/images/w_250/h_250/202/236746/2022/11/8/880309.png,Shall we dance？,5星,血防,通用,干扰,pvp,否,装备时，在pvp中增加弱化减益命中率15（16）%和持续伤害100（110）,1200,,660,,,,,,,,1296,,714,,,,,,,
577995,avatars/577995.png,https://cdnimg.gamekee.com/wiki2.0/images/w_250/h_250/202/236746/2022/11/8/771689.png,最美打扮,5星,血攻,木,通用,5人巨型boss,否,装备时，在5人巨型boss期间增加暴击skill伤害15（17）%并在受到攻击时恢复190（210）,1200,700,,,,,,,,,1296,753,,,,,,,,
577994,avatars/577994.png,https://cdnimg.gamekee.com/wiki2.0/images/w_250/h_250/202/236746/2022/11/8/153592.png,与你的夏日,5星,血攻,通用,攻击,太空漫步,否,装备时，在太空漫步中增加攻击力（普：10%/；闪：12%/）,1200,700,,,,,,,,,,,,,,,,,,
171917,avatars/171917.png,https://cdnimg.gamekee.com/wiki2.0/images/w_250/h_250/202/236746/2022/10/9/199230.png,纯粹的恶意,5星,攻敏,通用,攻击,pvp,否,在pvp中增加命中率（普：20%/；闪：21%/）,,700,,390,,,,,,,,753,,424,,,,,,
171909,avatars/171909.png,https://cdnimg-v2.gamekee.com/wiki2.0/images/w_614/h_1024/202/236746/2022/10/9/703050.png,格斗游戏宅,5星,攻敏,光,攻击,20人巨型boss,否,对20人巨型boss限定，装备时增加最大攻击力（普：10%/；闪：12%/）,,700,,390,,,,,,,,753,,424,,,,,,
169030,avatars/169030.png,https://cdnimg.gamekee.com/wiki2.0/images/w_250/h_250/202/57/2022/9/13/545237.png,你准备好了吗？,5星,攻暴,火,通用,5人巨型boss,否,在5人巨型boss装备时，增加最大攻击力（普：9%/；闪：11%/）,,695,,,340,,,,,,,748,,,364,,,,,
169041,avatars/169041.png,https://cdnimg.gamekee.com/wiki2.0/images/w_250/h_250/202/57/2022/9/13/5551.png,女王的记忆,5星,血防,通用,通用,通用,否,增加命中率（普15%：/；闪：17%/）,1200,,660,,,,,,,,1296,,714,,,,,,,
169040,avatars/169040.png,https://cdnimg.gamekee.com/wiki2.0/images/w_250/h_250/202/57/2022/9/13/735205.png,头脑战,5星,血暴,通用,通用,pvp,否,在pvp中增加睡眠回避率（普：20%/；闪：21.5%/）,1200,,,,410,,,,,,1296,,,,434,,,,,
169039,avatars/169039.png,https://cdnimg.gamekee.com/wiki2.0/images/w_250/h_250/202/57/2022/9/13/521568.png,两人的誓言,5星,攻防,通用,通用,pve,否,在pve中被攻击时，回复HP（普：300/；闪：325/）,,700,650,,,,,,,,,753,704,,,,,,,
169038,avatars/169038.png,https://cdnimg.gamekee.com/wiki2.0/images/w_250/h_250/202/57/2022/9/13/54410.png,你有集点卡吗？,5星,血防,通用,干扰,pvp,否,在pvp中增加晕眩命中率（普：20%/；闪：21%/）,1200,,660,,,,,,,,1296,,714,,,,,,,
169037,avatars/169037.png,https://cdnimg.gamekee.com/wiki2.0/images/w_250/h_250/202/57/2022/9/13/2871.png,太阳之影,5星,血敏,通用,治疗,pve,否,在pve中skill量表充能速度增加（普：7%/；闪：8%/）,1200,,,390,,,,,,,1296,,,424,,,,,,
169036,avatars/169036.png,https://cdnimg.gamekee.com/wiki2.0/images/w_250/h_250/202/57/2022/9/13/256616.png,善恶交锋,5星,攻敏,通用,通用,通用,否,有概率无视敌人的挑衅并攻击（普：50%/；闪：51%/）,,700,,390,,,,,,,,753,,424,,,,,,
169035,avatars/169035.png,https://cdnimg.gamekee.com/wiki2.0/images/w_250/h_250/202/57/2022/9/13/574481.png,无尽的战斗,5星,攻暴,通用,攻击,pvp,否,在pvp中普通skill增加无视防御伤害（普：250/；闪：300/）,,695,,,340,,,,,,,748,,,364,,,,,
169034,avatars/169034.png,https://cdnimg-v2.gamekee.com/wiki2.0/images/w_614/h_1024/202/57/2022/9/12/964954.png,蔚蓝的少女,5星,血攻,通用,辅助,pvp,否,在pvp中增加SS伤害（普：10%/；闪：11%/）,1100,610,,,,,,,,,1196,658,,,,,,,,
169032,avatars/169032.png,https://cdnimg.gamekee.com/wiki2.0/images/w_250/h_250/202/57/2022/9/13/974022.png,超活力斗士,5星,血敏,水,通用,20人巨型boss,是,对20人巨型boss时，装备时增加减益回避率（普：13%/；闪：15%/）,1200,,,390,,,,,,,1296,,,424,,,,,,
169031,avatars/169031.png,https://cdnimg.gamekee.com/wiki2.0/images/w_250/h_250/202/57/2022/9/13/434213.png,只要跟着朋友，我愿意前往任何地方,5星,血攻,通用,治疗,pvp,是,在pvp中增加晕眩回避率（普：22%/；闪：23.5%/）,1100,610,,,,,,,,,1196,658,,,,,,,,
167083,avatars/167083.png,https://cdnimg.gamekee.com/wiki2.0/images/w_250/h_250/202/57/2022/8/14/580969.png,希特莉的诱惑,5星,血防,通用,通用,通用,否,增加最大HP（普：1300/；闪：1450/）,1215,,675,,,,,,,,1311,,729,,,,,,,
167077,avatars/167077.png,https://cdnimg.gamekee.com/wiki2.0/images/w_250/h_250/202/57/2022/8/14/407991.png,最后一步,5星,攻防,通用,防御,pvp,否,在pvp中，增加弱化减益回避率，防御型限定（普：15%/；闪：16%/）,,700,650,,,,,,,,,753,704,,,,,,,
167076,avatars/167076.png,https://cdnimg.gamekee.com/wiki2.0/images/w_250/h_250/202/57/2022/8/14/990429.png,异能人的晒痕,5星,血攻,光,通用,rb,否,装备时，在副本中增加skill量表充能速度（光属性）（普：10%/；闪：11%/）,1100,610,,,,,,,,,1196,658,,,,,,,,
165121,avatars/165121.png,https://cdnimg.gamekee.com/wiki2.0/images/w_250/h_250/202/57/2022/7/17/880996.png,享受夏天的方法,5星,血防,通用,通用,wb,否,减少世界王带来的减益持续时间（普：15%/；闪：17%/）,1200,,660,,,,,,,,1296,,714,,,,,,,
165111,avatars/165111.png,https://cdnimg.gamekee.com/wiki2.0/images/w_250/h_250/202/57/2022/7/17/130901.png,献给你的绚烂微笑,5星,攻敏,通用,通用,pvp,否,在pvp中减少流血伤害（普：210/；闪：230/）,,715,,405,,,,,,,,768,,439,,,,,,
165107,avatars/165107.png,https://cdnimg.gamekee.com/wiki2.0/images/w_250/h_250/202/57/2022/7/17/496156.png,夏日海滩的吸血鬼女王,5星,攻防,通用,通用,rb,否,在副本中，减益持续时间缩减（普：15%/；闪：17%/）,,715,665,,,,,,,,,768,719,,,,,,,
162566,avatars/162566.png,https://cdnimg.gamekee.com/wiki2.0/images/w_250/h_250/202/57/2022/6/20/223830.png,跟随都桂花的不速之客,5星,血敏,水,通用,rb,否,装备时，在副本中增加skill量表充能速度，水属性专用（普：10%/；闪：11%/）,1200,,,390,,,,,,,1296,,,424,,,,,,
160177,avatars/160177.png,https://cdnimg.gamekee.com/wiki2.0/images/w_250/h_250/202/57/2022/5/22/297362.png,花之乐园,5星,血攻,通用,通用,wb,否,对世界王时，装备时增加减益回避率（普：13%/；闪：15%/）,1115,625,,,,,,,,,1211,673,,,,,,,,
160179,avatars/160179.png,https://cdnimg.gamekee.com/wiki2.0/images/w_250/h_250/202/57/2022/5/22/233770.png,复活的赛特,5星,攻防,通用,通用,rb,否,在副本装备时，增加减益效果回避率（普：13%/；闪：15%/）,,700,650,,,,,,,,,753,704,,,,,,,
157030,avatars/157030.png,https://cdnimg-v2.gamekee.com/wiki2.0/images/202/57/2022/4/25/227183.png,安息吧,5星,血敏,通用,通用,rb,否,在副本装备时，增加减益效果回避率（普：13%/；闪：16%/）,1215,,,405,,2827,,,1653,,1311,,,439,,2966,,,1702,
155248,avatars/155248.png,https://cdnimg-v2.gamekee.com/wiki2.0/images/202/122841/2022/3/27/723743.png,朱诺的礼物,5星,血防,通用,通用,wb,否,世界王身上受到的减益持续时间增加（普：12%/；闪：13%/）,1200,,660,,,,,,,,1296,,714,,,,,,,
153061,avatars/153061.png,https://cdnimg-v2.gamekee.com/wiki2.0/images/202/15803/2022/3/1/460932.png,报答之吻,5星,攻暴,通用,通用,rb,否,在副本时增加SS伤害（普：8%/；闪：10%）,,710,,,355,,2095,,,1580,,763,,,379,,2172,,,1615
151210,avatars/151210.png,https://cdnimg-v2.gamekee.com/wiki2.0/images/202/57/2022/1/24/808710.png,血腥茶会,5星,血敏,通用,通用,wb,否,对抗世界王时的skill量表增加（普：7%/；闪：8%/）,1215,,,405,,2827,,,1653,,1311,,,439,,2966,,,1702,
97167,avatars/97167.png,https://cdnimg-v2.gamekee.com/images/www/1644387630396_45450971.png,致命甜点,5星,血攻,通用,通用,pvp,否,在pvp中增加持续效果命中率（普：20%/；闪：21%/）,1115,625,,,,2682,1972,,,,1211,673,,,,2821,2041,,,
96761,avatars/96761.png,https://cdnimg-v2.gamekee.com/images/www/1643178549732_36786400.png,帝瓦兹的礼物,5星,血防,通用,通用,通用,否,增加分解伤害（普：280/；闪：300/）,1215,,675,,,2827,,2044,,,1311,,729,,,2966,,2122,,
96762,avatars/96762.png,https://cdnimg-v2.gamekee.com/images/www/1643178699857_15307155.png,虎猎狐,5星,血暴,通用,通用,通用,否,由击败敌人来回复HP（普：1000/；闪：1120/）,1065,,,,355,2610,,,,1580,1161,,,,379,2749,,,,1615
96278,avatars/96278.png,https://cdnimg-v2.gamekee.com/images/dc/2022/1641979720_ab64f6697276a7329f83de89765cd943.png,米丽安的回忆,5星,血暴,通用,通用,通用,否,增加时间系减益命中率（普：15%/；闪：16%/）,1200,,,390,,2827,,,1653,,1296,,,424,,2966,,,1702,
96279,avatars/96279.png,https://bang-phinf.pstatic.net/a/342fag/e_adaUd018bngpss5vyk4wfg2_842qjk.png?type=w660,我们独自的世界,5星,血攻,水,通用,rb,否,水属性child专属：在副本装备时，增加减益效果回避率（普：13%/；闪：15%/）,1200,700,,,,2827,2102,,,,1296,753,,,,2966,2179,,,
94890,avatars/94890.png,https://cdnimg-v2.gamekee.com/images/dc/2021/1640152276_9d74f7488087fd80918dc136daca5ade.png,放松,5星,血防,通用,通用,通用,否,受到攻击时，skill量表增加（普：2%/；闪：3%/）,1215,,675,,,2827,,2044,,,1311,,729,,,2966,,2122,,
93899,avatars/93899.png,https://cdnimg-v2.gamekee.com/images/dc/2021/1638943510_36d34bf62c43ce14aef8911cc52c663e.png,平和的咖啡厅,5星,攻敏,暗,通用,wb,否,暗属性child专用：对抗世界王时，弱点skill伤害增加（普：15%/；闪：17%/）,,715,,420,,,2102,,1674,,,768,,444,,,2179,,1709,
92654,avatars/92654.png,https://cdnimg-v2.gamekee.com/images/dc/2021/1637734102_b201dc81ad911f07126944338f65ec9c.png,求求你醒来吧,5星,血防,火,通用,rb,否,火属性child专属：在副本装备时，增加减益效果回避率（普：13%/；闪：15%/）,1215,,675,,,2827,,2044,,,1311,,729,,,2966,,2122,,
91785,avatars/91785.png,https://cdnimg-v2.gamekee.com/images/dc/2021/1636522267_d3ead844e9de74f4b0b2012224d1b5a3.png,小魅魔的点心时间,5星,攻防,通用,通用,通用,否,装备时，减益持续时间减少（普：10%/；闪：12%/）,,715,665,,,,2102,2030,,,,768,719,,,,2179,2108,,
90647,avatars/90647.png,https://cdnimg-v2.gamekee.com/images/dc/2021/1635314451_7c2368d3adeef0d4e2889fe5e4d1e03c.png,普洛瑟罗的万圣节服装,5星,血防,通用,通用,通用,否,装备时，全部能力增加（普：250/；闪：350/）,1075,,575,,,2624,,1899,,,1175,,629,,,2769,,1977,,
90648,avatars/90648.png,https://cdnimg-v2.gamekee.com/images/dc/2021/1635314450_7c9a571e3a7cf70e21dfbe6950123588.png,失去的一切,5星,攻敏,光,通用,rb,否,光属性child专属：在副本装备时，增加最大攻击力（普：9%/；闪：11%/）,,715,,405,,,2102,,1653,,,768,,439,,,2179,,1702,
87908,avatars/87908.png,https://cdnimg-v2.gamekee.com/images/www/1631086546842_46200617.png,长候之终,5星,血攻,木,通用,rb,否,木属性child专用：在副本装备时，增加最大攻击力（普：10%/；闪：12%/）,1215,715,,,,2827,2102,,,,1311,768,,,,2966,2179,,,
85355,avatars/85355.png,https://cdnimg-v2.gamekee.com/images/www/1628674063553_76508929.png,欢迎,5星,攻暴,水,通用,rb,否,水属性child专用：在副本装备时，增加最大攻击力（普：10%/；闪：12%/）,,715,,,425,,2102,,,1721,,768,,,449,,2179,,,1716
83947,avatars/83947.png,https://cdnimg-v2.gamekee.com/images/dc/2021/1627456175_88c1aff017ead7642c4e602fd9d2a869.png,我们一起去海滩玩吧,5星,血敏,通用,辅助,pvp,否,辅助型专用：在PVP中装备时，减益回避率增加（普：12%/；闪：13%/）,1215,,,405,,2827,,,1653,,1311,,,439,,2966,,,1702,
83948,avatars/83948.png,https://cdnimg-v2.gamekee.com/images/dc/2021/1627456174_cb7e00902c3dab27a062d3cdb5a6613b.png,华丽的夏日,5星,血防,通用,防御,pvp,否,防御型专用：在PVP中装备时，减益持续时间缩短（普：-12%/；闪：-13%/）,1215,,675,,,2827,,2044,,,1311,,729,,,2966,,2122,,
83949,avatars/83949.png,https://cdnimg-v2.gamekee.com/images/dc/2021/1627456173_a077076210907f06c176507868e05933.png,穿上泳衣,5星,血攻,通用,攻击,pvp,否,攻击型专用：在PVP中使用SS时，有概率移除增益（普：12%/；闪：13%/）,1215,715,,,,2827,2102,,,,1311,768,,,,2966,2179,,,
83950,avatars/83950.png,https://cdnimg-v2.gamekee.com/images/dc/2021/1627456173_8f7a7d31f4d60bf752ee763b0be750d2.png,家中的夏日约会,5星,血暴,通用,干扰,pvp,否,干扰型专用：在PVP中，增加减益命中率（普：12%/；闪：13%/）,1215,,,,425,2827,,,,1682,1311,,,,449,2966,,,,1716
82896,avatars/82896.png,https://cdnimg-v2.gamekee.com/images/www/1626256499602_92039654.png,前往闪耀浪涛,5星,血敏,暗,通用,rb,否,在副本装备时，增加减益效果回避率（普：13%/；闪：15%/）,1205,,,405,,2813,,,1653,,1301,,,429,,2952,,,1687,
81541,avatars/81541.png,https://cdnimg-v2.gamekee.com/images/dc/2021/1624948273_2aa796d392eed15b8db25e51ee553a05.png,鲁萨尔卡得不到回报的爱情,5星,攻暴,水,通用,wb,否,水属性child专用：对世界王限定，装备时增加最大攻击力（普：10%/；闪：12%/）,,710,,,415,,2095,,,1667,,763,,,439,,2172,,,1702
77373,avatars/77373.png,https://cdnimg-v2.gamekee.com/images/www/1622619650310_52503296.png,祈祷少女,5星,攻暴,暗,通用,wb,否,暗属性child专用，对抗世界王时，增加skill暴击伤害（普：15%/；闪：17%/）,,710,,,415,,2095,,,1667,,763,,,439,,2172,,,1702
78347,avatars/78347.png,https://cdnimg-v2.gamekee.com/images/www/1623833992480_52889769.png,你好，我的爱人,5星,攻敏,光,通用,rb,否,光属性child专用，在副本装备时，增加暴击skill伤害（普：11%/；闪：13%/）,,710,,420,,,2095,,1674,,,763,,444,,,2172,,1709,
75613,avatars/75613.png,https://cdnimg-v2.gamekee.com/images/www/1620286336992_94697655.png,捣蛋鬼莫娜,5星,血防,通用,干扰,wb,否,干扰型child专用，装备后对抗世界王时，增加减益中率（普：15%/；闪：16%/）,1205,,665,,,2813,,2030,,,1301,,719,,,2952,,2108,,
74430,avatars/74430.png,https://cdnimg-v2.gamekee.com/images/dc/2021/1618987070_35a1d86ffff5f927ac140e8dfa218de7.png,深海之汇,5星,攻暴,暗,通用,rb,否,暗属性child专用：在副本装备时，增加TS伤害（普：5%/；闪：7%/）,,704,,,415,,2088,,,1667,,758,,,439,,2164,,,1702
72730,avatars/72730.png,https://cdnimg-v2.gamekee.com/images/dc/2021/1616565142_4f917937749fe7a464d89fb3c91a29ab.png,格外小心,5星,攻暴,木,通用,wb,否,木属性专用，装备时，对抗世界王的暴击skill伤害增加（普：15%/；闪：17%/）,,700,,,410,,2080,,,1660,,753,,,434,,2157,,,1695
71698,avatars/71698.png,https://cdnimg-v2.gamekee.com/images/www/1615355550148_49042563.png,夏娃之怒,5星,血攻,水,通用,rb,否,水属性child专用：在副本装备时，增加TS伤害（普：8%/；闪：10%/）,1195,695,,,,2798,2073,,,,1291,748,,,,2937,2150,,,
71699,avatars/71699.png,https://cdnimg-v2.gamekee.com/images/www/1615357772885_8695565.png,里欧的礼物,5星,血暴,通用,通用,pvp,否,装备时，在pvp中增加最终敏捷度（普：550/；闪：600/）,1065,,,,355,2610,,,,1580,1161,,,,379,2749,,,,1615
70403,avatars/70403.png,https://cdnimg-v2.gamekee.com/images/dc/2021/1614145759_1_djcUd018bng116frbd7xiz6q_d7l52l.png,王子抱,5星,血敏,通用,通用,pvp,否,装备时，在PVP中增加skill量表充能量（普：3%/；闪：4%/）,1195,,,395,,2798,,,1638,,1291,,,419,,2937,,,1673,
69339,avatars/69339.png,https://cdnimg-v2.gamekee.com/images/dc/2021/1612852961_4_3eiUd018bng14fbdd9j1e76o_2sns9p.png,在姐姐怀里,5星,攻敏,木,通用,rb,否,木属性child专用：在副本装备时，追加弱点skill最终伤害（普：5%/XX，闪：7%/XX）,,690,,395,,,2066,,1638,,,743,,419,,,2143,,1673,
69340,avatars/69340.png,https://cdnimg-v2.gamekee.com/images/dc/2021/1612852962_6_5eiUd018bng167cq5ezfkpnf_lhxuar.png,意外的情人节,5星,血防,通用,通用,pvp,否,装备时，在PVP中发动攻击时回复HP（普：300/XX，闪：325/XX）,1065,,565,,,2610,,1885,,,1161,,613,,,2749,,1954,,
68058,avatars/68058.png,https://cdnimg-v2.gamekee.com/images/dc/2021/1611727036_a_53fUd018bngw667tnxs158e_gg5tpi.png,正义的基准,5星,血攻,火,通用,wb,否,火属性child专用：装备时，对抗世界王时的弱点skill最终伤害增加（普：15%/%，闪：17%/%）,1195,685,,,,2798,2059,,,,1291,738,,,,2937,2135,,,
66529,avatars/66529.png,https://cdnimg-v2.gamekee.com/images/dc/2021/1610516146_8_55eUd018bng1wupdk6mdz95b_ugog2o.png,真心的歌声,5星,血防,通用,通用,pvp,否,在PVP时，增加时间系减益回避率（普：20%/X%，闪：22%/X%）,1185,,645,,,2784,,2001,,,1281,,699,,,2923,,2079,,
65279,avatars/65279.png,https://cdnimg-v2.gamekee.com/images/www/1609313583410_37116598.png,定装,5星,攻暴,光,通用,wb,否,光属性child专用：装备时，对抗世界王时的暴击skill伤害增加（普：10%/X%，闪：12%/X%）,,680,,,405,,2128,,,1687,,733,,,429,,2128,,,1687
65280,avatars/65280.png,https://cdnimg-v2.gamekee.com/images/dc/2020/1609308511_b_g87Ud018bngffw4ck0hbr4y_ywlyi2.png,甜美的作曲家,5星,攻敏,通用,攻击,pvp,否,攻击型child专用：装备时，在PVP中增加SS的无视防御伤害（普：250/X，闪：300/X）,,620,,355,,,1964,,1580,,,668,,379,,,2034,,1615,
62509,avatars/62509.png,https://cdnimg-v2.gamekee.com/images/www/1606966284957_40285143.png,第二次死亡,5星,血暴,水,通用,rb,否,增加弱点SKILL最终伤害（普：8%/X%，闪：10%/X%）,1175,,,,405,2769,,,,1653,1271,,,,429,2908,,,,1687
61204,avatars/61204.png,https://cdnimg-v2.gamekee.com/images/www/1605685161018_39733170.png,温暖的休息时间,5星,攻敏,水,攻击,wb,否,增加弱点skill最终伤害（普：10%/X；闪：12%/X）,,675,,385,,,2044,,1624,,,728,,409,,,2121,,1658,
60242,avatars/60242.png,https://cdnimg-v2.gamekee.com/images/www/1604540309105_64238236.png,爱恋的开始,5星,血攻,火,攻击,rb,否,在副本中，增加弱点SKILL最终伤害（普：8%/X；闪：10%/X）,1165,670,,,,2755,2037,,,,1261,723,,,,2894,2114,,,
58559,avatars/58559.png,https://cdnimg-v2.gamekee.com/images/www/1603189861718_19668180.png,不好意思...?,5星,血暴,通用,通用,pvp,是,遭受攻击时恢复HP（普：300/X；闪：325/X）,1065,,,,355,2610,,,,1580,1161,,,,379,2749,,,,1615
58549,avatars/58549.png,https://cdnimg-v2.gamekee.com/images/www/1603188941355_58421757.png,慵懒的海边,5星,血防,木,攻击,wb,是,在WB中增加最大攻击力（普：10%/X；闪：12%/22%）,,,,,,,,,,,,,,,,,1912,,,1468
57113,avatars/57113.png,https://cdnimg-v2.gamekee.com/images/www/1603788727159_50060041.png,重振旗鼓,5星,血攻,火,攻击,rb,否,在副本中增加TS伤害（普：5%/10%；闪：7%/12%）,,,,,,,,,,,,,,,,,1912,,,1468
54479,avatars/54479.png,https://cdnimg-v2.gamekee.com/images/www/1603789015021_6161658.png,满月露娜,5星,攻暴,光,攻击,wb,否,增加世界王弱点SKILL最终伤害（普：10%/X；闪：12%/X）,,660,,,395,,,,,,,708,,,419,,,,,
50272,avatars/50272.png,https://cdnimg-v2.gamekee.com/images/www/1603789094127_53039997.png,夏日餐宴,5星,血攻,水,攻击,wb,否,wb中毒伤害增加（普：1550/X；闪：1600/X）,,,,,,,,,,,,,,,,,1912,,,1468
50271,avatars/50271.png,https://cdnimg-v2.gamekee.com/images/dc/1597820694417_81826571.png,夏日假期,5星,血防,火,干扰,pve,否,增加pve流血（普：250/X；闪：300/X）,,,,,,,,,,,,,,,,,1912,,,1468
47603,avatars/47603.png,https://cdnimg-v2.gamekee.com/images/dc/1596607565346_3597927.png,怨与业,5星,血敏,通用,通用,pvp,否,PVP增加回避率（普：5%/X；闪：7%/12%）,,,,,,,,,,,,,,,,,1912,,,1468
45460,avatars/45460.png,https://cdnimg-v2.gamekee.com/images/www/1603789395421_85262593.png,潜水,5星,攻暴,木,通用,rb,否,在副本中增加SS暴击伤害（普：5%/X；闪：7%/12%）,,650,,,385,,2008,,,1624,,698,,,409,,2077,,,1658
41988,avatars/41988.png,https://cdnimg-v2.gamekee.com/images/www/1605757605902_50695202.png,玫瑰花下,5星,攻敏,木,攻击,wb,否,对抗世界王时的ss伤害增加（普：5%/10%；闪：7%/X）,,645,,375,,,2001,,1609,,,693,,399,,,2070,,1644,
21011,avatars/21011.png,https://cdnimg-v2.gamekee.com/images/www/1603789730722_43364523.png,表演的时候到了,5星,血防,通用,通用,通用,否,减益回避率增加（普：10%/15%；闪：10%/16%）,1095,,575,,,2653,,1899,,,1191,,629,,,2792,,1977,,
39097,avatars/39097.png,https://cdnimg-v2.gamekee.com/images/www/1603789798651_30559000.png,妲比在这里,5星,血攻,光,通用,rb,否,在副本装备时，增加弱点skill最终伤害（普：5%/X；闪：7%/12%）,,,,,,,,,,,,,,,,,1912,,,1468
38436,avatars/38436.png,https://cdnimg-v2.gamekee.com/images/www/1603789862565_72992275.png,紧张刺激扑克牌,5星,血防,通用,通用,pvp,否,增加最终防御力X（普：550/X；闪：600/X）,1065,,565,,,2610,,1885,,,1161,,613,,,2749,,1954,,
35310,avatars/35310.png,https://cdnimg-v2.gamekee.com/images/www/1605757784540_99492765.png,灵感,5星,攻暴,暗,通用,wb,否,世界王装备时增加最大攻击力普：1150/X；闪：1175/1925,,635,,,375,,,,,,,683,,,399,,2056,,,1644
29594,avatars/29594.png,https://cdnimg-v2.gamekee.com/images/www/1603790031613_31011426.png,百年佳約,5星,攻敏,光,攻击,rb,否,在副本装备时，增加ts伤害（普：500/750；闪：515/765）,,630,,365,,,1979,,1595,,,678,,389,,,2048,,1629,
27486,avatars/27486.png,https://cdnimg-v2.gamekee.com/images/www/1605246438194_89047996.png,深谷落穴,5星,血攻,通用,攻击,pvp,否,PVP中增加最终暴击（普：10%/X；闪：11%/21%）,,,,,,,,,,,,,,,,,1912,,,1468
27485,avatars/27485.png,https://cdnimg-v2.gamekee.com/images/www/1605246390616_81463817.png,沙滩陷阱的腐乳,5星,攻暴,木,攻击,5人巨型Boss,否,5人巨型Boss，Tap Skill 增加加成伤害（普：500/515；闪：750/765）,,,,,,,,,,,,,,,,,1912,,,1468
26568,avatars/26568.png,https://cdnimg-v2.gamekee.com/images/dc/1583913969038_35472348.png,斗争之心,5星,攻敏,通用,攻击,pvp,否,在pvp中发动攻击时吸收HP（普：230/x；闪：240/390）,,,,,,,,,,,,,,,,,1912,,,1468
25599,avatars/25599.png,https://cdnimg-v2.gamekee.com/images/www/1605758084838_30982256.png,宁静时刻,5星,攻暴,水,通用,rb,否,在副本中增加slide skill暴击伤害（普：4000/6500；闪：4100/6600）,,620,,,355,,1964,,,1580,,668,,,379,,2034,,,1615
23844,avatars/23844.png,https://cdnimg-v2.gamekee.com/images/dc/1580358162005_72046896.png,蛋糕的美学,5星,血防,火,通用,wb,否,增加世界王最大防御力普：1150/1900闪：1175/1925,,,,,,,,,,,,,,,,,1912,,,1468
21007,avatars/21007.png,https://cdnimg02.gamekee.com/M00/14/CA/ChpCl1354dmECZsAAAAAAMVZ5oM433.png,周年纪念日,5星,血防,通用,通用,pvp,否,增加在PVP的最大攻击力（普：586/1086；闪：611/1111）,1065,,565,,,2610,,1855,,,1161,,613,,,2749,,1954,,
21008,avatars/21008.png,https://cdnimg-v2.gamekee.com/images/www/1603790477952_95798251.png,星空舞台,5星,攻暴,暗,通用,rb,否,副本中弱点技能最终伤害增加（普：500/1000；闪：X/1050）,,615,,,345,,1957,,,1566,,663,,,369,,2027,,,1600
21009,avatars/21009.png,https://cdnimg02.gamekee.com/M00/14/CA/ChpCl1354ZeERssqAAAAAHIFdf8023.png,S.O.W,5星,防敏,通用,通用,pvp,否,在PVP中增加乱舞之刃伤害（普：170/270；闪：180/280）,,,585,345,,,,1914,1566,,,,639,369,,,,1992,1600,
21010,avatars/21010.png,https://cdnimg-v2.gamekee.com/images/www/1603790721150_55229900.png,万圣节歌姬,5星,攻敏,火,通用,wb,否,增加世界王最大攻击力（普：1150/1900；闪：1175/1925）,,610,,335,,,1950,,1551,,,658,,359,,,2019,,1586,
21013,avatars/21013.png,https://cdnimg01.gamekee.com/M00/14/CB/ChpCl13545-EVtnRAAAAAGjb-Dc712.png,迷途羔羊的祝福,5星,攻暴,火,通用,rb,是,在副本中增加SS技能暴击伤害（普：4000/6500；闪：X/6600）,,605,,,335,,1943,,,1551,,,,,,,2012,,,1586
21014,avatars/21014.png,https://cdnimg02.gamekee.com/M00/14/CB/ChpCl1355A6EHGOBAAAAAKvv4bU233.png,终极挣扎,5星,血防,通用,通用,通用,是,增加回复量（普：150/400；闪：200/450）,1015,,515,,,2537,,1812,,,1111,,563,,,2676,,1882,,
21015,avatars/21015.png,https://cdnimg-v2.gamekee.com/images/www/1603790959251_3667168.png,无能恶魔的特训,5星,血攻,木,通用,wb,否,对抗世界王，弱点技能伤害增加（普：450/1000；闪：X/1150）,1090,600,,,,2646,1935,,,,1186,648,,,,2785,2005,,,
21016,avatars/21016.png,https://cdnimg02.gamekee.com/M00/14/CB/ChpCl1355RGEX6wAAAAAAGagO5A276.png,第七次逃家,5星,攻暴,光,攻击,rb,否,在副本中增加SS技能伤害（普：750/1450；闪：800/1500）,,595,,,325,,1928,,,1537,,643,,,349,,1998,,,1571
21017,avatars/21017.png,https://cdnimg02.gamekee.com/M00/14/CB/ChpCl1355nGEcR4DAAAAAIr7_Vg147.png,禁忌的果实,5星,血防,通用,通用,通用,否,持续回复量增加（普：100/200；闪：X/220）,1015,,515,,,2537,,1812,,,1111,,563,,,2676,,1882,,
21018,avatars/21018.png,https://cdnimg02.gamekee.com/M00/14/CB/ChpCl13550qEI4_zAAAAAK7aDdA490.png,午休时刻,5星,攻敏,水,通用,wb,否,对抗世界王，增加SS技能伤害（普：750/1450；闪：800/1500）,,595,,315,,,1928,,1522,,,643,,339,,,1998,,1557,
21019,avatars/21019.png,https://cdnimg01.gamekee.com/M00/14/CB/ChpCl13554-EG598AAAAAINFs24618.png,夏日庆典之夜,5星,血敏,通用,通用,pvp,否,增加在PVP中的流血伤害（普：220/320；闪：X/330）,1045,,,295,,2581,,,1493,,1141,,,319,,2720,,,1528,
21020,avatars/21020.png,https://cdnimg-v2.gamekee.com/images/www/1603791309946_49371776.png,假期,5星,防敏,通用,通用,pvp,否,增加在PVP中的失明回避率（普：22%/42%；闪：X/43.5%）,,,545,295,,,,1856,1493,,,,593,319,,,,1925,1528,
21021,avatars/21021.png,https://cdnimg-v2.gamekee.com/images/www/1603792879725_6645614.png,在海滩放松,5星,血攻,木,通用,rb,否,在副本中增加冰冻回避率（普：30%/X；闪：31.5%/X）,1085,585,,,,2639,1914,,,,1181,633,,,,2780,1990,,,
21022,avatars/21022.png,https://cdnimg-v2.gamekee.com/images/www/1605247072877_58531491.png,双夜之主,5星,血暴,通用,通用,通用,是,增加吸血和吸收量（只有具有吸血或吸收技能的child可用）（普：100/300；闪：115/315）,1015,,,,265,2537,,,,1450,1111,,,,289,2676,,,,1484
21023,avatars/21023.png,https://cdnimg-v2.gamekee.com/images/www/1605247124668_67739681.png,好友三重奏,5星,攻敏,通用,通用,pvp,是,增加在PVP的最大攻击力（普：700/X；闪：X/1225）,,575,,305,,,1899,,1508,,,,,,,,1977,,1545,
21024,avatars/21024.png,https://cdnimg01.gamekee.com/M00/14/CB/ChpCl1357OyEUfEIAAAAALsle8s244.png,神观之梦,5星,血防,通用,通用,pvp,是,增加在PVP的沉默回避率（普：20%/40%；闪：X/41.5%）,1075,,575,,,2624,,1899,,,,,,,,2769,,1977,,
21025,avatars/21025.png,https://cdnimg-v2.gamekee.com/images/www/1605160435444_81247092.png,海岸女神,5星,攻敏,光,通用,wb,否,增加世界王最大攻击力（普：1150/1900；闪：1175/1925）,,575,,295,,,1899,,1493,,,628,,321,,,1975,,1532,
21026,avatars/21026.png,https://cdnimg01.gamekee.com/M00/14/CB/ChpCl1357ZuEKJ2rAAAAANNWxVQ400.png,徘徊的道士,5星,攻暴,木,通用,rb,否,在副本中增加TS技能伤害（普：500/750；闪：515/765）,,,,,,,,,,,,,,,,,1912,,,1468
21027,avatars/21027.png,https://cdnimg-v2.gamekee.com/images/www/1605246887160_78508676.png,綾音,5星,血敏,通用,通用,pvp,是,在PVP中石化回避率增加（普：30%/50%；闪：X/51.5%）,,,,,,,,,,,,,,,,,1912,,,1468
21028,avatars/21028.png,https://cdnimg-v2.gamekee.com/images/www/1605246915731_6025735.png,环,5星,攻防,通用,攻击,通用,是,击败敌人后回复HP（普：1500/3000；闪：X/3120）,,575,535,,,,1899,1841,,,,,,,,,1976,1912,,
21029,avatars/21029.png,https://cdnimg02.gamekee.com/M00/14/CB/ChpCl1357pyEKmzvAAAAAHI5seA895.png,紫藤下的约定,5星,血敏,木,通用,通用,否,增加流血回避（普：35%/50%；闪：35.5%/50.5%）,1025,,,265,,2552,,,1450,,1121,,,289,,2691,,,1484,
21030,avatars/21030.png,https://cdnimg-v2.gamekee.com/images/www/1603793982745_31039298.png,海中约会,5星,防敏,水,通用,地铁,否,在地下迷宫中增加中毒伤害（普：500/750；闪：515/765）,,,535,275,,,,1841,1464,,,,584,299,,,,1912,1499,
21031,avatars/21031.png,https://cdnimg02.gamekee.com/M00/14/CB/ChpCl1358uWEITxSAAAAAPggyB8944.png,深夜小伙伴,5星,血防,通用,防御,pvp,否,在PVP中增加伤害反射（普：3%/10.5%；闪：3.5%/12%）,995,,525,,,2508,,1827,,,1089,,573,,,2644,,1896,,
21032,avatars/21032.png,https://cdnimg-v2.gamekee.com/images/www/1603794117330_87315801.png,S.T.F.,5星,攻暴,光,通用,通用,否,诅咒伤害增加（普：200/300；闪：220/320）,,525,,,265,,1827,,,1450,,573,,,289,,1896,,,1484
21033,avatars/21033.png,https://cdnimg02.gamekee.com/M00/14/CB/ChpCl13586qEaVGXAAAAAFI2ZPU214.png,狩猎恶魔的恶魔,5星,攻敏,暗,通用,rb,否,在副本中增加暴击伤害（普：4000/6500；闪：4100/6600）,,525,,265,,,1827,,1450,,,573,,289,,,1896,,1484,
21034,avatars/21034.png,https://cdnimg-v2.gamekee.com/images/www/1603879768382_3260557.png,微笑的力量,5星,血攻,木,攻击,通用,否,增加中毒回避率（普：35%/50%；闪：35.5%/50.5%）,1015,515,,,,2537,1812,,,,1111,563,,,,2676,1882,,,
21035,avatars/21035.png,https://cdnimg02.gamekee.com/M00/14/CB/ChpCl1359EeELzUkAAAAAMUx7-k492.png,贯穿天堂的骄傲,5星,攻暴,光,攻击,通用,否,一定几率无视敌人的挑衅并攻击（普：50%/65%；闪：51%/66%）,,515,,,265,,1812,,,1450,,563,,,289,,1882,,,1484
21036,avatars/21036.png,https://cdnimg-v2.gamekee.com/images/www/1605246943744_81157618.png,与那名女祭司一起,5星,血攻,通用,通用,通用,否,增加禁止回复回避率（普：40%/65%；闪：41%/66%）,1015,515,,,,2537,1812,,,,1111,563,,,,2676,1882,,,
21012,avatars/21012.png,https://cdnimg02.gamekee.com/M00/14/CA/ChpCl1354qSEEL0eAAAAAL3JbSw870.png,天使般的微笑,5星,血敏,通用,通用,pvp,是,在PVP中增加中毒伤害（普：300/600；闪：X/625）,1095,,,335,,2653,,,1551,,,,,,,2792,,,1586,
21037,avatars/21037.png,https://cdnimg01.gamekee.com/M00/14/CB/ChpCl13590uEQdqIAAAAAOU35eM974.png,银河的休息处,5星,,,,,,,,,,,,,,,,,,,,,,,,,,
171908,avatars/171908.png,https://cdnimg.gamekee.com/wiki2.0/images/w_250/h_250/202/236746/2022/10/9/358640.png,作战会议！,4星,血防,通用,通用,通用,否,装备时，增加全部能力（普：200/；闪：/）,760,,380,,,,,,,,,,,,,,,,,
21049,avatars/21049.png,https://cdnimg01.gamekee.com/M00/14/CC/ChpCl135_3uEDB0vAAAAAAhyP1o463.png,巨大的休息处,4星,,,,,,,,,,,,,,,,,,,,,,,,,,
21048,avatars/21048.png,https://cdnimg01.gamekee.com/M00/14/CC/ChpCl135_xmESgSyAAAAAIdd32A900.png,今天是好孩子魔亚哦,4星,血敏,通用,通用,通用,否,增加中毒伤害（50/250）,,,,,,,,,,,,,,,,,1912,,,1468
21047,avatars/21047.png,https://cdnimg-v2.gamekee.com/images/dc/1589536713500_67306823.png,女神的洗礼,4星,血防,通用,通用,通用,否,持续回复量增加（25/125）,,,,,,,,,,,,,,,,,1912,,,1468
21046,avatars/21046.png,https://cdnimg01.gamekee.com/M00/14/CC/ChpCl135_nuEYIN9AAAAAEwNnAg067.png,时间结束,4星,血攻,通用,通用,pvp,否,增加在PVP中的沉默回避率（10%/16%）,,,,,,,,,,,,,,,,,1912,,,1468
21045,avatars/21045.png,https://cdnimg02.gamekee.com/M00/14/CC/ChpCl135_jWECFUCAAAAAG9Fczg333.png,跳高高,4星,攻暴,火,通用,通用,否,增加流血伤害（70/150）,,,,,,,,,,,,,,,,,1912,,,1468
21044,avatars/21044.png,https://cdnimg01.gamekee.com/M00/14/CC/ChpCl135_eWEMMmAAAAAAGRHrk0036.png,战略家的夜晚,4星,血防,通用,防御,通用,否,增加最大防御力（10%/20%）,,,,,,,,,,,,,,,,,1912,,,1468
21043,avatars/21043.png,https://cdnimg01.gamekee.com/M00/14/CC/ChpCl135_aCERP8gAAAAAAmwnmQ690.png,Hero,4星,攻敏,通用,通用,pvp,否,在PVP中发动攻击时吸收HP（100/200）,,,,,,,,,,,,,,,,,1912,,,1468
21042,avatars/21042.png,https://cdnimg.gamekee.com/wiki2.0/images/w_135/h_135/1164/56174/2023/5/5/386990.png,梦幻队伍,4星,攻防,通用,通用,通用,否,攻击敌人恢复HP（700/1500,,,,,,,,,,,,,,,,,1912,,,1468
21041,avatars/21041.png,https://cdnimg.gamekee.com/wiki2.0/images/w_135/h_135/1164/56174/2023/5/5/280392.png,享乐之城,4星,血防,木,通用,通用,否,回复量增加（400/800）,,,,,,,,,,,,,,,,,1912,,,1468
21040,avatars/21040.png,https://cdnimg.gamekee.com/wiki2.0/images/w_135/h_135/1164/56174/2023/5/5/625896.png,露娜,4星,防敏,通用,通用,pvp,是,在PVP中的失明回避率增加（15%/21%）,,,,,,,,,,,,,,,,,1912,,,1468
21039,avatars/21039.png,https://cdnimg.gamekee.com/wiki2.0/images/w_135/h_135/1164/56174/2023/5/5/603077.png,女天狗,4星,血暴,光,通用,通用,是,诅咒伤害增加（75/155）,,,,,,,,,,,,,,,,,1912,,,1468
21038,avatars/21038.png,https://cdnimg02.gamekee.com/M00/14/CB/ChpCl135-wGEQ189AAAAAGszKfo348.png,Nightmare,4星,攻暴,通用,通用,pvp,是,在PVP中增加流血回避率（15%/21%）,,,,,,,,,,,,,,,,,1912,,,1468
21058,avatars/21058.png,https://cdnimg01.gamekee.com/M00/14/CC/ChpCl136AiyEQsUXAAAAAKhEptk706.png,一般的休息处,3星,,,,,,,,,,,,,,,,,,,,,,,,,,
21057,avatars/21057.png,https://cdnimg01.gamekee.com/M00/14/CC/ChpCl136Ac-ENBmqAAAAAFC1Nb0132.png,海中偶像,3星,血敏,水,通用,通用,否,增加中毒伤害（30/120）,,,,,,,,,,,,,,,,,1912,,,1468
21056,avatars/21056.png,https://cdnimg02.gamekee.com/M00/14/CC/ChpCl136AYiEbra_AAAAAG5mBTs245.png,最甜蜜的求婚,3星,血攻,火,通用,通用,否,增加流血伤害（20/80）,,,,,,,,,,,,,,,,,1912,,,1468
21055,avatars/21055.png,https://cdnimg01.gamekee.com/M00/14/CC/ChpCl136AUOEKSGqAAAAAG2Q0kM302.png,秘密的约会,3星,血暴,木,通用,通用,否,增加最大HP（200/X）,,,,,,,,,,,,,,,,,1912,,,1468
21054,avatars/21054.png,https://cdnimg02.gamekee.com/M00/14/CC/ChpCl136AQWERuYzAAAAAPPoAw0197.png,午后列车,3星,血防,光,通用,通用,否,诅咒伤害增加（20/X）,,,,,,,,,,,,,,,,,1912,,,1468
21053,avatars/21053.png,https://cdnimg01.gamekee.com/M00/14/CC/ChpCl136ALuESNRPAAAAAEV0EYo159.png,小小袭击者,3星,攻敏,通用,攻击,通用,否,增加攻击力（300/X）,,,,,,,,,,,,,,,,,1912,,,1468
21052,avatars/21052.png,https://cdnimg02.gamekee.com/M00/14/CC/ChpCl136AHWEWHGzAAAAAJQjVHQ849.png,认真的员工,3星,攻暴,暗,通用,通用,否,增加最大防御力（200/X）,,,,,,,,,,,,,,,,,1912,,,1468
21051,avatars/21051.png,https://cdnimg.gamekee.com/wiki2.0/images/w_135/h_135/1164/56174/2023/5/5/15872.png,心,3星,攻敏,通用,通用,通用,否,最终暴击增加（100/X）,,,,,,,,,,,,,,,,,1912,,,1468
21050,avatars/21050.png,https://cdnimg.gamekee.com/wiki2.0/images/w_135/h_135/1164/56174/2023/5/5/390074.png,海咲,3星,防暴,通用,通用,通用,否,持续回复量增加（15/60）,,,,,,,,,,,,,,,,,1912,,,1468
